"","species","transect","frequency"
"1","Abies.lasiocarpa","BT.10",10
"2","Abies.lasiocarpa","BT.11",9
"3","Abies.lasiocarpa","BT.12",24
"4","Abies.lasiocarpa","BT.13",21
"5","Abies.lasiocarpa","BT.14",22
"6","Abies.lasiocarpa","BT.15",4
"7","Abies.lasiocarpa","BT.16",26
"8","Abies.lasiocarpa","BT.9",3
"9","Abies.lasiocarpa","PR.17",9
"10","Abies.lasiocarpa","PR.18",27
"11","Abies.lasiocarpa","PR.19",1
"12","Abies.lasiocarpa","PR.20",7
"13","Abies.lasiocarpa","PR.21",0
"14","Abies.lasiocarpa","PR.22",38
"15","Abies.lasiocarpa","PR.23",3
"16","Abies.lasiocarpa","PR.24",0
"17","Abies.lasiocarpa","TM.1",0
"18","Abies.lasiocarpa","TM.2",4
"19","Abies.lasiocarpa","TM.25",9
"20","Abies.lasiocarpa","TM.26",31
"21","Abies.lasiocarpa","TM.27",4
"22","Abies.lasiocarpa","TM.28",25
"23","Abies.lasiocarpa","TM.3",4
"24","Abies.lasiocarpa","TM.4",8
"25","Abies.lasiocarpa","TM.5",2
"26","Abies.lasiocarpa","TM.6",8
"27","Abies.lasiocarpa","TM.7",3
"28","Abies.lasiocarpa","TM.8",11
"29","Antennaria.media","BT.10",0
"30","Antennaria.media","BT.11",0
"31","Antennaria.media","BT.12",0
"32","Antennaria.media","BT.13",0
"33","Antennaria.media","BT.14",0
"34","Antennaria.media","BT.15",0
"35","Antennaria.media","BT.16",0
"36","Antennaria.media","BT.9",0
"37","Antennaria.media","PR.17",0
"38","Antennaria.media","PR.18",0
"39","Antennaria.media","PR.19",13
"40","Antennaria.media","PR.20",0
"41","Antennaria.media","PR.21",0
"42","Antennaria.media","PR.22",0
"43","Antennaria.media","PR.23",0
"44","Antennaria.media","PR.24",0
"45","Antennaria.media","TM.1",0
"46","Antennaria.media","TM.2",0
"47","Antennaria.media","TM.25",0
"48","Antennaria.media","TM.26",0
"49","Antennaria.media","TM.27",0
"50","Antennaria.media","TM.28",0
"51","Antennaria.media","TM.3",0
"52","Antennaria.media","TM.4",0
"53","Antennaria.media","TM.5",0
"54","Antennaria.media","TM.6",0
"55","Antennaria.media","TM.7",0
"56","Antennaria.media","TM.8",0
"57","Arnica.latifolia","BT.10",0
"58","Arnica.latifolia","BT.11",0
"59","Arnica.latifolia","BT.12",16
"60","Arnica.latifolia","BT.13",22
"61","Arnica.latifolia","BT.14",16
"62","Arnica.latifolia","BT.15",1
"63","Arnica.latifolia","BT.16",0
"64","Arnica.latifolia","BT.9",1
"65","Arnica.latifolia","PR.17",0
"66","Arnica.latifolia","PR.18",0
"67","Arnica.latifolia","PR.19",0
"68","Arnica.latifolia","PR.20",0
"69","Arnica.latifolia","PR.21",0
"70","Arnica.latifolia","PR.22",0
"71","Arnica.latifolia","PR.23",0
"72","Arnica.latifolia","PR.24",0
"73","Arnica.latifolia","TM.1",0
"74","Arnica.latifolia","TM.2",0
"75","Arnica.latifolia","TM.25",0
"76","Arnica.latifolia","TM.26",0
"77","Arnica.latifolia","TM.27",0
"78","Arnica.latifolia","TM.28",0
"79","Arnica.latifolia","TM.3",0
"80","Arnica.latifolia","TM.4",0
"81","Arnica.latifolia","TM.5",0
"82","Arnica.latifolia","TM.6",1
"83","Arnica.latifolia","TM.7",0
"84","Arnica.latifolia","TM.8",0
"85","Pilosella.tristis_Erigeron.glacialis","BT.10",0
"86","Pilosella.tristis_Erigeron.glacialis","BT.11",0
"87","Pilosella.tristis_Erigeron.glacialis","BT.12",0
"88","Pilosella.tristis_Erigeron.glacialis","BT.13",0
"89","Pilosella.tristis_Erigeron.glacialis","BT.14",0
"90","Pilosella.tristis_Erigeron.glacialis","BT.15",0
"91","Pilosella.tristis_Erigeron.glacialis","BT.16",0
"92","Pilosella.tristis_Erigeron.glacialis","BT.9",0
"93","Pilosella.tristis_Erigeron.glacialis","PR.17",0
"94","Pilosella.tristis_Erigeron.glacialis","PR.18",0
"95","Pilosella.tristis_Erigeron.glacialis","PR.19",0
"96","Pilosella.tristis_Erigeron.glacialis","PR.20",0
"97","Pilosella.tristis_Erigeron.glacialis","PR.21",0
"98","Pilosella.tristis_Erigeron.glacialis","PR.22",0
"99","Pilosella.tristis_Erigeron.glacialis","PR.23",0
"100","Pilosella.tristis_Erigeron.glacialis","PR.24",0
"101","Pilosella.tristis_Erigeron.glacialis","TM.1",0
"102","Pilosella.tristis_Erigeron.glacialis","TM.2",4
"103","Pilosella.tristis_Erigeron.glacialis","TM.25",12
"104","Pilosella.tristis_Erigeron.glacialis","TM.26",40
"105","Pilosella.tristis_Erigeron.glacialis","TM.27",0
"106","Pilosella.tristis_Erigeron.glacialis","TM.28",0
"107","Pilosella.tristis_Erigeron.glacialis","TM.3",0
"108","Pilosella.tristis_Erigeron.glacialis","TM.4",0
"109","Pilosella.tristis_Erigeron.glacialis","TM.5",0
"110","Pilosella.tristis_Erigeron.glacialis","TM.6",0
"111","Pilosella.tristis_Erigeron.glacialis","TM.7",0
"112","Pilosella.tristis_Erigeron.glacialis","TM.8",0
"113","Bryophyta","BT.10",36
"114","Bryophyta","BT.11",10
"115","Bryophyta","BT.12",19
"116","Bryophyta","BT.13",0
"117","Bryophyta","BT.14",8
"118","Bryophyta","BT.15",17
"119","Bryophyta","BT.16",29
"120","Bryophyta","BT.9",13
"121","Bryophyta","PR.17",0
"122","Bryophyta","PR.18",40
"123","Bryophyta","PR.19",4
"124","Bryophyta","PR.20",39
"125","Bryophyta","PR.21",2
"126","Bryophyta","PR.22",40
"127","Bryophyta","PR.23",0
"128","Bryophyta","PR.24",21
"129","Bryophyta","TM.1",0
"130","Bryophyta","TM.2",0
"131","Bryophyta","TM.25",15
"132","Bryophyta","TM.26",38
"133","Bryophyta","TM.27",7
"134","Bryophyta","TM.28",35
"135","Bryophyta","TM.3",0
"136","Bryophyta","TM.4",31
"137","Bryophyta","TM.5",17
"138","Bryophyta","TM.6",38
"139","Bryophyta","TM.7",2
"140","Bryophyta","TM.8",34
"141","Caltha.leptosepala","BT.10",0
"142","Caltha.leptosepala","BT.11",0
"143","Caltha.leptosepala","BT.12",0
"144","Caltha.leptosepala","BT.13",0
"145","Caltha.leptosepala","BT.14",0
"146","Caltha.leptosepala","BT.15",0
"147","Caltha.leptosepala","BT.16",0
"148","Caltha.leptosepala","BT.9",0
"149","Caltha.leptosepala","PR.17",0
"150","Caltha.leptosepala","PR.18",12
"151","Caltha.leptosepala","PR.19",0
"152","Caltha.leptosepala","PR.20",0
"153","Caltha.leptosepala","PR.21",0
"154","Caltha.leptosepala","PR.22",0
"155","Caltha.leptosepala","PR.23",0
"156","Caltha.leptosepala","PR.24",0
"157","Caltha.leptosepala","TM.1",0
"158","Caltha.leptosepala","TM.2",0
"159","Caltha.leptosepala","TM.25",0
"160","Caltha.leptosepala","TM.26",0
"161","Caltha.leptosepala","TM.27",0
"162","Caltha.leptosepala","TM.28",0
"163","Caltha.leptosepala","TM.3",0
"164","Caltha.leptosepala","TM.4",3
"165","Caltha.leptosepala","TM.5",2
"166","Caltha.leptosepala","TM.6",29
"167","Caltha.leptosepala","TM.7",0
"168","Caltha.leptosepala","TM.8",0
"169","Carex.nigricans.pyrenaica","BT.10",0
"170","Carex.nigricans.pyrenaica","BT.11",7
"171","Carex.nigricans.pyrenaica","BT.12",11
"172","Carex.nigricans.pyrenaica","BT.13",0
"173","Carex.nigricans.pyrenaica","BT.14",7
"174","Carex.nigricans.pyrenaica","BT.15",2
"175","Carex.nigricans.pyrenaica","BT.16",2
"176","Carex.nigricans.pyrenaica","BT.9",0
"177","Carex.nigricans.pyrenaica","PR.17",0
"178","Carex.nigricans.pyrenaica","PR.18",0
"179","Carex.nigricans.pyrenaica","PR.19",40
"180","Carex.nigricans.pyrenaica","PR.20",0
"181","Carex.nigricans.pyrenaica","PR.21",0
"182","Carex.nigricans.pyrenaica","PR.22",0
"183","Carex.nigricans.pyrenaica","PR.23",14
"184","Carex.nigricans.pyrenaica","PR.24",0
"185","Carex.nigricans.pyrenaica","TM.1",0
"186","Carex.nigricans.pyrenaica","TM.2",0
"187","Carex.nigricans.pyrenaica","TM.25",0
"188","Carex.nigricans.pyrenaica","TM.26",0
"189","Carex.nigricans.pyrenaica","TM.27",0
"190","Carex.nigricans.pyrenaica","TM.28",0
"191","Carex.nigricans.pyrenaica","TM.3",0
"192","Carex.nigricans.pyrenaica","TM.4",0
"193","Carex.nigricans.pyrenaica","TM.5",6
"194","Carex.nigricans.pyrenaica","TM.6",0
"195","Carex.nigricans.pyrenaica","TM.7",2
"196","Carex.nigricans.pyrenaica","TM.8",0
"197","Carex.pyrenaica","BT.10",0
"198","Carex.pyrenaica","BT.11",0
"199","Carex.pyrenaica","BT.12",0
"200","Carex.pyrenaica","BT.13",0
"201","Carex.pyrenaica","BT.14",0
"202","Carex.pyrenaica","BT.15",0
"203","Carex.pyrenaica","BT.16",0
"204","Carex.pyrenaica","BT.9",13
"205","Carex.pyrenaica","PR.17",0
"206","Carex.pyrenaica","PR.18",0
"207","Carex.pyrenaica","PR.19",0
"208","Carex.pyrenaica","PR.20",0
"209","Carex.pyrenaica","PR.21",29
"210","Carex.pyrenaica","PR.22",0
"211","Carex.pyrenaica","PR.23",0
"212","Carex.pyrenaica","PR.24",0
"213","Carex.pyrenaica","TM.1",0
"214","Carex.pyrenaica","TM.2",0
"215","Carex.pyrenaica","TM.25",0
"216","Carex.pyrenaica","TM.26",0
"217","Carex.pyrenaica","TM.27",0
"218","Carex.pyrenaica","TM.28",0
"219","Carex.pyrenaica","TM.3",0
"220","Carex.pyrenaica","TM.4",0
"221","Carex.pyrenaica","TM.5",0
"222","Carex.pyrenaica","TM.6",0
"223","Carex.pyrenaica","TM.7",0
"224","Carex.pyrenaica","TM.8",0
"225","Carex.spp","BT.10",0
"226","Carex.spp","BT.11",0
"227","Carex.spp","BT.12",0
"228","Carex.spp","BT.13",0
"229","Carex.spp","BT.14",0
"230","Carex.spp","BT.15",0
"231","Carex.spp","BT.16",1
"232","Carex.spp","BT.9",0
"233","Carex.spp","PR.17",0
"234","Carex.spp","PR.18",0
"235","Carex.spp","PR.19",0
"236","Carex.spp","PR.20",21
"237","Carex.spp","PR.21",0
"238","Carex.spp","PR.22",33
"239","Carex.spp","PR.23",0
"240","Carex.spp","PR.24",2
"241","Carex.spp","TM.1",1
"242","Carex.spp","TM.2",0
"243","Carex.spp","TM.25",14
"244","Carex.spp","TM.26",18
"245","Carex.spp","TM.27",1
"246","Carex.spp","TM.28",0
"247","Carex.spp","TM.3",25
"248","Carex.spp","TM.4",9
"249","Carex.spp","TM.5",0
"250","Carex.spp","TM.6",12
"251","Carex.spp","TM.7",0
"252","Carex.spp","TM.8",0
"253","Carex.nigricans","BT.10",0
"254","Carex.nigricans","BT.11",0
"255","Carex.nigricans","BT.12",0
"256","Carex.nigricans","BT.13",0
"257","Carex.nigricans","BT.14",0
"258","Carex.nigricans","BT.15",0
"259","Carex.nigricans","BT.16",0
"260","Carex.nigricans","BT.9",0
"261","Carex.nigricans","PR.17",24
"262","Carex.nigricans","PR.18",0
"263","Carex.nigricans","PR.19",0
"264","Carex.nigricans","PR.20",0
"265","Carex.nigricans","PR.21",0
"266","Carex.nigricans","PR.22",0
"267","Carex.nigricans","PR.23",0
"268","Carex.nigricans","PR.24",0
"269","Carex.nigricans","TM.1",0
"270","Carex.nigricans","TM.2",0
"271","Carex.nigricans","TM.25",0
"272","Carex.nigricans","TM.26",0
"273","Carex.nigricans","TM.27",0
"274","Carex.nigricans","TM.28",0
"275","Carex.nigricans","TM.3",0
"276","Carex.nigricans","TM.4",0
"277","Carex.nigricans","TM.5",0
"278","Carex.nigricans","TM.6",0
"279","Carex.nigricans","TM.7",0
"280","Carex.nigricans","TM.8",0
"281","Carex.spectabilis","BT.10",0
"282","Carex.spectabilis","BT.11",2
"283","Carex.spectabilis","BT.12",9
"284","Carex.spectabilis","BT.13",31
"285","Carex.spectabilis","BT.14",9
"286","Carex.spectabilis","BT.15",0
"287","Carex.spectabilis","BT.16",0
"288","Carex.spectabilis","BT.9",0
"289","Carex.spectabilis","PR.17",3
"290","Carex.spectabilis","PR.18",38
"291","Carex.spectabilis","PR.19",8
"292","Carex.spectabilis","PR.20",0
"293","Carex.spectabilis","PR.21",18
"294","Carex.spectabilis","PR.22",0
"295","Carex.spectabilis","PR.23",0
"296","Carex.spectabilis","PR.24",0
"297","Carex.spectabilis","TM.1",0
"298","Carex.spectabilis","TM.2",0
"299","Carex.spectabilis","TM.25",0
"300","Carex.spectabilis","TM.26",0
"301","Carex.spectabilis","TM.27",0
"302","Carex.spectabilis","TM.28",0
"303","Carex.spectabilis","TM.3",0
"304","Carex.spectabilis","TM.4",0
"305","Carex.spectabilis","TM.5",2
"306","Carex.spectabilis","TM.6",0
"307","Carex.spectabilis","TM.7",0
"308","Carex.spectabilis","TM.8",0
"309","Cassiope.mertensiana","BT.10",0
"310","Cassiope.mertensiana","BT.11",0
"311","Cassiope.mertensiana","BT.12",0
"312","Cassiope.mertensiana","BT.13",12
"313","Cassiope.mertensiana","BT.14",33
"314","Cassiope.mertensiana","BT.15",14
"315","Cassiope.mertensiana","BT.16",8
"316","Cassiope.mertensiana","BT.9",0
"317","Cassiope.mertensiana","PR.17",7
"318","Cassiope.mertensiana","PR.18",40
"319","Cassiope.mertensiana","PR.19",26
"320","Cassiope.mertensiana","PR.20",40
"321","Cassiope.mertensiana","PR.21",11
"322","Cassiope.mertensiana","PR.22",39
"323","Cassiope.mertensiana","PR.23",27
"324","Cassiope.mertensiana","PR.24",40
"325","Cassiope.mertensiana","TM.1",3
"326","Cassiope.mertensiana","TM.2",40
"327","Cassiope.mertensiana","TM.25",2
"328","Cassiope.mertensiana","TM.26",37
"329","Cassiope.mertensiana","TM.27",28
"330","Cassiope.mertensiana","TM.28",40
"331","Cassiope.mertensiana","TM.3",2
"332","Cassiope.mertensiana","TM.4",21
"333","Cassiope.mertensiana","TM.5",39
"334","Cassiope.mertensiana","TM.6",20
"335","Cassiope.mertensiana","TM.7",37
"336","Cassiope.mertensiana","TM.8",37
"337","Castilleja.parviflora","BT.10",0
"338","Castilleja.parviflora","BT.11",0
"339","Castilleja.parviflora","BT.12",0
"340","Castilleja.parviflora","BT.13",0
"341","Castilleja.parviflora","BT.14",0
"342","Castilleja.parviflora","BT.15",0
"343","Castilleja.parviflora","BT.16",0
"344","Castilleja.parviflora","BT.9",0
"345","Castilleja.parviflora","PR.17",0
"346","Castilleja.parviflora","PR.18",7
"347","Castilleja.parviflora","PR.19",0
"348","Castilleja.parviflora","PR.20",0
"349","Castilleja.parviflora","PR.21",0
"350","Castilleja.parviflora","PR.22",0
"351","Castilleja.parviflora","PR.23",0
"352","Castilleja.parviflora","PR.24",0
"353","Castilleja.parviflora","TM.1",0
"354","Castilleja.parviflora","TM.2",0
"355","Castilleja.parviflora","TM.25",0
"356","Castilleja.parviflora","TM.26",0
"357","Castilleja.parviflora","TM.27",0
"358","Castilleja.parviflora","TM.28",0
"359","Castilleja.parviflora","TM.3",0
"360","Castilleja.parviflora","TM.4",0
"361","Castilleja.parviflora","TM.5",0
"362","Castilleja.parviflora","TM.6",6
"363","Castilleja.parviflora","TM.7",0
"364","Castilleja.parviflora","TM.8",0
"365","Clintonia.uniflora","BT.10",0
"366","Clintonia.uniflora","BT.11",0
"367","Clintonia.uniflora","BT.12",0
"368","Clintonia.uniflora","BT.13",0
"369","Clintonia.uniflora","BT.14",0
"370","Clintonia.uniflora","BT.15",0
"371","Clintonia.uniflora","BT.16",0
"372","Clintonia.uniflora","BT.9",0
"373","Clintonia.uniflora","PR.17",0
"374","Clintonia.uniflora","PR.18",0
"375","Clintonia.uniflora","PR.19",0
"376","Clintonia.uniflora","PR.20",0
"377","Clintonia.uniflora","PR.21",0
"378","Clintonia.uniflora","PR.22",0
"379","Clintonia.uniflora","PR.23",0
"380","Clintonia.uniflora","PR.24",0
"381","Clintonia.uniflora","TM.1",0
"382","Clintonia.uniflora","TM.2",0
"383","Clintonia.uniflora","TM.25",0
"384","Clintonia.uniflora","TM.26",0
"385","Clintonia.uniflora","TM.27",0
"386","Clintonia.uniflora","TM.28",0
"387","Clintonia.uniflora","TM.3",0
"388","Clintonia.uniflora","TM.4",0
"389","Clintonia.uniflora","TM.5",0
"390","Clintonia.uniflora","TM.6",2
"391","Clintonia.uniflora","TM.7",0
"392","Clintonia.uniflora","TM.8",0
"393","Diphasiastrum","BT.10",0
"394","Diphasiastrum","BT.11",0
"395","Diphasiastrum","BT.12",0
"396","Diphasiastrum","BT.13",0
"397","Diphasiastrum","BT.14",0
"398","Diphasiastrum","BT.15",0
"399","Diphasiastrum","BT.16",0
"400","Diphasiastrum","BT.9",0
"401","Diphasiastrum","PR.17",1
"402","Diphasiastrum","PR.18",5
"403","Diphasiastrum","PR.19",0
"404","Diphasiastrum","PR.20",20
"405","Diphasiastrum","PR.21",0
"406","Diphasiastrum","PR.22",0
"407","Diphasiastrum","PR.23",1
"408","Diphasiastrum","PR.24",0
"409","Diphasiastrum","TM.1",0
"410","Diphasiastrum","TM.2",0
"411","Diphasiastrum","TM.25",0
"412","Diphasiastrum","TM.26",0
"413","Diphasiastrum","TM.27",0
"414","Diphasiastrum","TM.28",0
"415","Diphasiastrum","TM.3",0
"416","Diphasiastrum","TM.4",0
"417","Diphasiastrum","TM.5",11
"418","Diphasiastrum","TM.6",0
"419","Diphasiastrum","TM.7",12
"420","Diphasiastrum","TM.8",8
"421","Epilobium.anagallidifolium","BT.10",0
"422","Epilobium.anagallidifolium","BT.11",0
"423","Epilobium.anagallidifolium","BT.12",0
"424","Epilobium.anagallidifolium","BT.13",0
"425","Epilobium.anagallidifolium","BT.14",0
"426","Epilobium.anagallidifolium","BT.15",0
"427","Epilobium.anagallidifolium","BT.16",0
"428","Epilobium.anagallidifolium","BT.9",0
"429","Epilobium.anagallidifolium","PR.17",0
"430","Epilobium.anagallidifolium","PR.18",6
"431","Epilobium.anagallidifolium","PR.19",0
"432","Epilobium.anagallidifolium","PR.20",1
"433","Epilobium.anagallidifolium","PR.21",0
"434","Epilobium.anagallidifolium","PR.22",8
"435","Epilobium.anagallidifolium","PR.23",0
"436","Epilobium.anagallidifolium","PR.24",0
"437","Epilobium.anagallidifolium","TM.1",0
"438","Epilobium.anagallidifolium","TM.2",0
"439","Epilobium.anagallidifolium","TM.25",0
"440","Epilobium.anagallidifolium","TM.26",0
"441","Epilobium.anagallidifolium","TM.27",0
"442","Epilobium.anagallidifolium","TM.28",0
"443","Epilobium.anagallidifolium","TM.3",0
"444","Epilobium.anagallidifolium","TM.4",0
"445","Epilobium.anagallidifolium","TM.5",0
"446","Epilobium.anagallidifolium","TM.6",0
"447","Epilobium.anagallidifolium","TM.7",0
"448","Epilobium.anagallidifolium","TM.8",0
"449","Erigeron.glacialis","BT.10",0
"450","Erigeron.glacialis","BT.11",1
"451","Erigeron.glacialis","BT.12",8
"452","Erigeron.glacialis","BT.13",10
"453","Erigeron.glacialis","BT.14",4
"454","Erigeron.glacialis","BT.15",0
"455","Erigeron.glacialis","BT.16",0
"456","Erigeron.glacialis","BT.9",6
"457","Erigeron.glacialis","PR.17",0
"458","Erigeron.glacialis","PR.18",0
"459","Erigeron.glacialis","PR.19",10
"460","Erigeron.glacialis","PR.20",31
"461","Erigeron.glacialis","PR.21",0
"462","Erigeron.glacialis","PR.22",20
"463","Erigeron.glacialis","PR.23",0
"464","Erigeron.glacialis","PR.24",0
"465","Erigeron.glacialis","TM.1",0
"466","Erigeron.glacialis","TM.2",0
"467","Erigeron.glacialis","TM.25",0
"468","Erigeron.glacialis","TM.26",2
"469","Erigeron.glacialis","TM.27",0
"470","Erigeron.glacialis","TM.28",0
"471","Erigeron.glacialis","TM.3",4
"472","Erigeron.glacialis","TM.4",8
"473","Erigeron.glacialis","TM.5",11
"474","Erigeron.glacialis","TM.6",31
"475","Erigeron.glacialis","TM.7",3
"476","Erigeron.glacialis","TM.8",5
"477","Festuca.brachyphylla","BT.10",0
"478","Festuca.brachyphylla","BT.11",0
"479","Festuca.brachyphylla","BT.12",0
"480","Festuca.brachyphylla","BT.13",0
"481","Festuca.brachyphylla","BT.14",0
"482","Festuca.brachyphylla","BT.15",0
"483","Festuca.brachyphylla","BT.16",0
"484","Festuca.brachyphylla","BT.9",0
"485","Festuca.brachyphylla","PR.17",0
"486","Festuca.brachyphylla","PR.18",0
"487","Festuca.brachyphylla","PR.19",0
"488","Festuca.brachyphylla","PR.20",0
"489","Festuca.brachyphylla","PR.21",0
"490","Festuca.brachyphylla","PR.22",0
"491","Festuca.brachyphylla","PR.23",0
"492","Festuca.brachyphylla","PR.24",0
"493","Festuca.brachyphylla","TM.1",0
"494","Festuca.brachyphylla","TM.2",0
"495","Festuca.brachyphylla","TM.25",0
"496","Festuca.brachyphylla","TM.26",0
"497","Festuca.brachyphylla","TM.27",0
"498","Festuca.brachyphylla","TM.28",0
"499","Festuca.brachyphylla","TM.3",0
"500","Festuca.brachyphylla","TM.4",0
"501","Festuca.brachyphylla","TM.5",27
"502","Festuca.brachyphylla","TM.6",0
"503","Festuca.brachyphylla","TM.7",4
"504","Festuca.brachyphylla","TM.8",0
"505","Gaultheria.humifusa","BT.10",0
"506","Gaultheria.humifusa","BT.11",0
"507","Gaultheria.humifusa","BT.12",0
"508","Gaultheria.humifusa","BT.13",0
"509","Gaultheria.humifusa","BT.14",4
"510","Gaultheria.humifusa","BT.15",0
"511","Gaultheria.humifusa","BT.16",0
"512","Gaultheria.humifusa","BT.9",0
"513","Gaultheria.humifusa","PR.17",0
"514","Gaultheria.humifusa","PR.18",5
"515","Gaultheria.humifusa","PR.19",0
"516","Gaultheria.humifusa","PR.20",0
"517","Gaultheria.humifusa","PR.21",0
"518","Gaultheria.humifusa","PR.22",0
"519","Gaultheria.humifusa","PR.23",0
"520","Gaultheria.humifusa","PR.24",0
"521","Gaultheria.humifusa","TM.1",0
"522","Gaultheria.humifusa","TM.2",0
"523","Gaultheria.humifusa","TM.25",0
"524","Gaultheria.humifusa","TM.26",0
"525","Gaultheria.humifusa","TM.27",0
"526","Gaultheria.humifusa","TM.28",0
"527","Gaultheria.humifusa","TM.3",0
"528","Gaultheria.humifusa","TM.4",0
"529","Gaultheria.humifusa","TM.5",0
"530","Gaultheria.humifusa","TM.6",0
"531","Gaultheria.humifusa","TM.7",0
"532","Gaultheria.humifusa","TM.8",0
"533","Juncus.drummondii","BT.10",0
"534","Juncus.drummondii","BT.11",0
"535","Juncus.drummondii","BT.12",0
"536","Juncus.drummondii","BT.13",2
"537","Juncus.drummondii","BT.14",6
"538","Juncus.drummondii","BT.15",0
"539","Juncus.drummondii","BT.16",0
"540","Juncus.drummondii","BT.9",0
"541","Juncus.drummondii","PR.17",4
"542","Juncus.drummondii","PR.18",0
"543","Juncus.drummondii","PR.19",36
"544","Juncus.drummondii","PR.20",11
"545","Juncus.drummondii","PR.21",0
"546","Juncus.drummondii","PR.22",9
"547","Juncus.drummondii","PR.23",0
"548","Juncus.drummondii","PR.24",0
"549","Juncus.drummondii","TM.1",0
"550","Juncus.drummondii","TM.2",0
"551","Juncus.drummondii","TM.25",8
"552","Juncus.drummondii","TM.26",4
"553","Juncus.drummondii","TM.27",0
"554","Juncus.drummondii","TM.28",0
"555","Juncus.drummondii","TM.3",0
"556","Juncus.drummondii","TM.4",0
"557","Juncus.drummondii","TM.5",0
"558","Juncus.drummondii","TM.6",0
"559","Juncus.drummondii","TM.7",0
"560","Juncus.drummondii","TM.8",0
"561","Kalmia.microphylla","BT.10",0
"562","Kalmia.microphylla","BT.11",0
"563","Kalmia.microphylla","BT.12",0
"564","Kalmia.microphylla","BT.13",0
"565","Kalmia.microphylla","BT.14",0
"566","Kalmia.microphylla","BT.15",0
"567","Kalmia.microphylla","BT.16",0
"568","Kalmia.microphylla","BT.9",0
"569","Kalmia.microphylla","PR.17",0
"570","Kalmia.microphylla","PR.18",0
"571","Kalmia.microphylla","PR.19",10
"572","Kalmia.microphylla","PR.20",29
"573","Kalmia.microphylla","PR.21",0
"574","Kalmia.microphylla","PR.22",1
"575","Kalmia.microphylla","PR.23",0
"576","Kalmia.microphylla","PR.24",0
"577","Kalmia.microphylla","TM.1",0
"578","Kalmia.microphylla","TM.2",1
"579","Kalmia.microphylla","TM.25",0
"580","Kalmia.microphylla","TM.26",0
"581","Kalmia.microphylla","TM.27",1
"582","Kalmia.microphylla","TM.28",0
"583","Kalmia.microphylla","TM.3",0
"584","Kalmia.microphylla","TM.4",26
"585","Kalmia.microphylla","TM.5",28
"586","Kalmia.microphylla","TM.6",14
"587","Kalmia.microphylla","TM.7",0
"588","Kalmia.microphylla","TM.8",0
"589","Luzula.piperi","BT.10",0
"590","Luzula.piperi","BT.11",2
"591","Luzula.piperi","BT.12",1
"592","Luzula.piperi","BT.13",13
"593","Luzula.piperi","BT.14",3
"594","Luzula.piperi","BT.15",3
"595","Luzula.piperi","BT.16",0
"596","Luzula.piperi","BT.9",0
"597","Luzula.piperi","PR.17",7
"598","Luzula.piperi","PR.18",5
"599","Luzula.piperi","PR.19",0
"600","Luzula.piperi","PR.20",9
"601","Luzula.piperi","PR.21",3
"602","Luzula.piperi","PR.22",3
"603","Luzula.piperi","PR.23",1
"604","Luzula.piperi","PR.24",4
"605","Luzula.piperi","TM.1",0
"606","Luzula.piperi","TM.2",0
"607","Luzula.piperi","TM.25",0
"608","Luzula.piperi","TM.26",0
"609","Luzula.piperi","TM.27",0
"610","Luzula.piperi","TM.28",0
"611","Luzula.piperi","TM.3",0
"612","Luzula.piperi","TM.4",0
"613","Luzula.piperi","TM.5",0
"614","Luzula.piperi","TM.6",0
"615","Luzula.piperi","TM.7",0
"616","Luzula.piperi","TM.8",2
"617","Leptarrhena.pyrolifolia","BT.10",0
"618","Leptarrhena.pyrolifolia","BT.11",0
"619","Leptarrhena.pyrolifolia","BT.12",0
"620","Leptarrhena.pyrolifolia","BT.13",0
"621","Leptarrhena.pyrolifolia","BT.14",0
"622","Leptarrhena.pyrolifolia","BT.15",0
"623","Leptarrhena.pyrolifolia","BT.16",0
"624","Leptarrhena.pyrolifolia","BT.9",0
"625","Leptarrhena.pyrolifolia","PR.17",0
"626","Leptarrhena.pyrolifolia","PR.18",0
"627","Leptarrhena.pyrolifolia","PR.19",0
"628","Leptarrhena.pyrolifolia","PR.20",0
"629","Leptarrhena.pyrolifolia","PR.21",0
"630","Leptarrhena.pyrolifolia","PR.22",0
"631","Leptarrhena.pyrolifolia","PR.23",0
"632","Leptarrhena.pyrolifolia","PR.24",0
"633","Leptarrhena.pyrolifolia","TM.1",0
"634","Leptarrhena.pyrolifolia","TM.2",0
"635","Leptarrhena.pyrolifolia","TM.25",0
"636","Leptarrhena.pyrolifolia","TM.26",0
"637","Leptarrhena.pyrolifolia","TM.27",0
"638","Leptarrhena.pyrolifolia","TM.28",0
"639","Leptarrhena.pyrolifolia","TM.3",0
"640","Leptarrhena.pyrolifolia","TM.4",0
"641","Leptarrhena.pyrolifolia","TM.5",0
"642","Leptarrhena.pyrolifolia","TM.6",9
"643","Leptarrhena.pyrolifolia","TM.7",0
"644","Leptarrhena.pyrolifolia","TM.8",0
"645","Luetka.pectinata","BT.10",24
"646","Luetka.pectinata","BT.11",4
"647","Luetka.pectinata","BT.12",2
"648","Luetka.pectinata","BT.13",40
"649","Luetka.pectinata","BT.14",38
"650","Luetka.pectinata","BT.15",28
"651","Luetka.pectinata","BT.16",9
"652","Luetka.pectinata","BT.9",40
"653","Luetka.pectinata","PR.17",33
"654","Luetka.pectinata","PR.18",40
"655","Luetka.pectinata","PR.19",40
"656","Luetka.pectinata","PR.20",40
"657","Luetka.pectinata","PR.21",34
"658","Luetka.pectinata","PR.22",40
"659","Luetka.pectinata","PR.23",40
"660","Luetka.pectinata","PR.24",40
"661","Luetka.pectinata","TM.1",20
"662","Luetka.pectinata","TM.2",40
"663","Luetka.pectinata","TM.25",31
"664","Luetka.pectinata","TM.26",40
"665","Luetka.pectinata","TM.27",36
"666","Luetka.pectinata","TM.28",34
"667","Luetka.pectinata","TM.3",30
"668","Luetka.pectinata","TM.4",39
"669","Luetka.pectinata","TM.5",40
"670","Luetka.pectinata","TM.6",28
"671","Luetka.pectinata","TM.7",40
"672","Luetka.pectinata","TM.8",37
"673","Lupinus_spp","BT.10",0
"674","Lupinus_spp","BT.11",1
"675","Lupinus_spp","BT.12",12
"676","Lupinus_spp","BT.13",28
"677","Lupinus_spp","BT.14",22
"678","Lupinus_spp","BT.15",0
"679","Lupinus_spp","BT.16",0
"680","Lupinus_spp","BT.9",1
"681","Lupinus_spp","PR.17",0
"682","Lupinus_spp","PR.18",0
"683","Lupinus_spp","PR.19",0
"684","Lupinus_spp","PR.20",0
"685","Lupinus_spp","PR.21",0
"686","Lupinus_spp","PR.22",0
"687","Lupinus_spp","PR.23",0
"688","Lupinus_spp","PR.24",0
"689","Lupinus_spp","TM.1",0
"690","Lupinus_spp","TM.2",0
"691","Lupinus_spp","TM.25",0
"692","Lupinus_spp","TM.26",0
"693","Lupinus_spp","TM.27",1
"694","Lupinus_spp","TM.28",3
"695","Lupinus_spp","TM.3",0
"696","Lupinus_spp","TM.4",0
"697","Lupinus_spp","TM.5",0
"698","Lupinus_spp","TM.6",0
"699","Lupinus_spp","TM.7",6
"700","Lupinus_spp","TM.8",0
"701","Penstemon.procerus","BT.10",0
"702","Penstemon.procerus","BT.11",0
"703","Penstemon.procerus","BT.12",0
"704","Penstemon.procerus","BT.13",0
"705","Penstemon.procerus","BT.14",0
"706","Penstemon.procerus","BT.15",0
"707","Penstemon.procerus","BT.16",2
"708","Penstemon.procerus","BT.9",0
"709","Penstemon.procerus","PR.17",0
"710","Penstemon.procerus","PR.18",0
"711","Penstemon.procerus","PR.19",0
"712","Penstemon.procerus","PR.20",2
"713","Penstemon.procerus","PR.21",0
"714","Penstemon.procerus","PR.22",0
"715","Penstemon.procerus","PR.23",0
"716","Penstemon.procerus","PR.24",0
"717","Penstemon.procerus","TM.1",0
"718","Penstemon.procerus","TM.2",0
"719","Penstemon.procerus","TM.25",0
"720","Penstemon.procerus","TM.26",0
"721","Penstemon.procerus","TM.27",0
"722","Penstemon.procerus","TM.28",0
"723","Penstemon.procerus","TM.3",0
"724","Penstemon.procerus","TM.4",0
"725","Penstemon.procerus","TM.5",0
"726","Penstemon.procerus","TM.6",0
"727","Penstemon.procerus","TM.7",0
"728","Penstemon.procerus","TM.8",0
"729","Phyllodoce.empetriformis","BT.10",40
"730","Phyllodoce.empetriformis","BT.11",35
"731","Phyllodoce.empetriformis","BT.12",20
"732","Phyllodoce.empetriformis","BT.13",0
"733","Phyllodoce.empetriformis","BT.14",15
"734","Phyllodoce.empetriformis","BT.15",0
"735","Phyllodoce.empetriformis","BT.16",0
"736","Phyllodoce.empetriformis","BT.9",20
"737","Phyllodoce.empetriformis","PR.17",1
"738","Phyllodoce.empetriformis","PR.18",32
"739","Phyllodoce.empetriformis","PR.19",6
"740","Phyllodoce.empetriformis","PR.20",26
"741","Phyllodoce.empetriformis","PR.21",14
"742","Phyllodoce.empetriformis","PR.22",14
"743","Phyllodoce.empetriformis","PR.23",3
"744","Phyllodoce.empetriformis","PR.24",5
"745","Phyllodoce.empetriformis","TM.1",16
"746","Phyllodoce.empetriformis","TM.2",25
"747","Phyllodoce.empetriformis","TM.25",25
"748","Phyllodoce.empetriformis","TM.26",40
"749","Phyllodoce.empetriformis","TM.27",34
"750","Phyllodoce.empetriformis","TM.28",40
"751","Phyllodoce.empetriformis","TM.3",17
"752","Phyllodoce.empetriformis","TM.4",38
"753","Phyllodoce.empetriformis","TM.5",40
"754","Phyllodoce.empetriformis","TM.6",34
"755","Phyllodoce.empetriformis","TM.7",40
"756","Phyllodoce.empetriformis","TM.8",40
"757","Phyllodoce.glanduliflora","BT.10",0
"758","Phyllodoce.glanduliflora","BT.11",0
"759","Phyllodoce.glanduliflora","BT.12",0
"760","Phyllodoce.glanduliflora","BT.13",0
"761","Phyllodoce.glanduliflora","BT.14",0
"762","Phyllodoce.glanduliflora","BT.15",15
"763","Phyllodoce.glanduliflora","BT.16",35
"764","Phyllodoce.glanduliflora","BT.9",0
"765","Phyllodoce.glanduliflora","PR.17",0
"766","Phyllodoce.glanduliflora","PR.18",0
"767","Phyllodoce.glanduliflora","PR.19",0
"768","Phyllodoce.glanduliflora","PR.20",0
"769","Phyllodoce.glanduliflora","PR.21",0
"770","Phyllodoce.glanduliflora","PR.22",0
"771","Phyllodoce.glanduliflora","PR.23",0
"772","Phyllodoce.glanduliflora","PR.24",0
"773","Phyllodoce.glanduliflora","TM.1",0
"774","Phyllodoce.glanduliflora","TM.2",0
"775","Phyllodoce.glanduliflora","TM.25",0
"776","Phyllodoce.glanduliflora","TM.26",0
"777","Phyllodoce.glanduliflora","TM.27",0
"778","Phyllodoce.glanduliflora","TM.28",0
"779","Phyllodoce.glanduliflora","TM.3",0
"780","Phyllodoce.glanduliflora","TM.4",0
"781","Phyllodoce.glanduliflora","TM.5",0
"782","Phyllodoce.glanduliflora","TM.6",0
"783","Phyllodoce.glanduliflora","TM.7",0
"784","Phyllodoce.glanduliflora","TM.8",0
"785","Pilosella.tristis","BT.10",0
"786","Pilosella.tristis","BT.11",0
"787","Pilosella.tristis","BT.12",0
"788","Pilosella.tristis","BT.13",19
"789","Pilosella.tristis","BT.14",20
"790","Pilosella.tristis","BT.15",0
"791","Pilosella.tristis","BT.16",0
"792","Pilosella.tristis","BT.9",0
"793","Pilosella.tristis","PR.17",14
"794","Pilosella.tristis","PR.18",35
"795","Pilosella.tristis","PR.19",25
"796","Pilosella.tristis","PR.20",18
"797","Pilosella.tristis","PR.21",0
"798","Pilosella.tristis","PR.22",20
"799","Pilosella.tristis","PR.23",10
"800","Pilosella.tristis","PR.24",26
"801","Pilosella.tristis","TM.1",0
"802","Pilosella.tristis","TM.2",0
"803","Pilosella.tristis","TM.25",0
"804","Pilosella.tristis","TM.26",0
"805","Pilosella.tristis","TM.27",3
"806","Pilosella.tristis","TM.28",3
"807","Pilosella.tristis","TM.3",6
"808","Pilosella.tristis","TM.4",18
"809","Pilosella.tristis","TM.5",19
"810","Pilosella.tristis","TM.6",14
"811","Pilosella.tristis","TM.7",6
"812","Pilosella.tristis","TM.8",3
"813","Danthonia.intermedia","BT.10",0
"814","Danthonia.intermedia","BT.11",0
"815","Danthonia.intermedia","BT.12",0
"816","Danthonia.intermedia","BT.13",0
"817","Danthonia.intermedia","BT.14",0
"818","Danthonia.intermedia","BT.15",0
"819","Danthonia.intermedia","BT.16",0
"820","Danthonia.intermedia","BT.9",6
"821","Danthonia.intermedia","PR.17",0
"822","Danthonia.intermedia","PR.18",0
"823","Danthonia.intermedia","PR.19",0
"824","Danthonia.intermedia","PR.20",0
"825","Danthonia.intermedia","PR.21",0
"826","Danthonia.intermedia","PR.22",0
"827","Danthonia.intermedia","PR.23",0
"828","Danthonia.intermedia","PR.24",0
"829","Danthonia.intermedia","TM.1",0
"830","Danthonia.intermedia","TM.2",0
"831","Danthonia.intermedia","TM.25",0
"832","Danthonia.intermedia","TM.26",0
"833","Danthonia.intermedia","TM.27",0
"834","Danthonia.intermedia","TM.28",0
"835","Danthonia.intermedia","TM.3",20
"836","Danthonia.intermedia","TM.4",0
"837","Danthonia.intermedia","TM.5",0
"838","Danthonia.intermedia","TM.6",0
"839","Danthonia.intermedia","TM.7",0
"840","Danthonia.intermedia","TM.8",0
"841","Vahlodea.atropurpurea ","BT.10",0
"842","Vahlodea.atropurpurea ","BT.11",0
"843","Vahlodea.atropurpurea ","BT.12",0
"844","Vahlodea.atropurpurea ","BT.13",0
"845","Vahlodea.atropurpurea ","BT.14",2
"846","Vahlodea.atropurpurea ","BT.15",0
"847","Vahlodea.atropurpurea ","BT.16",0
"848","Vahlodea.atropurpurea ","BT.9",0
"849","Vahlodea.atropurpurea ","PR.17",0
"850","Vahlodea.atropurpurea ","PR.18",0
"851","Vahlodea.atropurpurea ","PR.19",22
"852","Vahlodea.atropurpurea ","PR.20",28
"853","Vahlodea.atropurpurea ","PR.21",0
"854","Vahlodea.atropurpurea ","PR.22",35
"855","Vahlodea.atropurpurea ","PR.23",0
"856","Vahlodea.atropurpurea ","PR.24",0
"857","Vahlodea.atropurpurea ","TM.1",0
"858","Vahlodea.atropurpurea ","TM.2",0
"859","Vahlodea.atropurpurea ","TM.25",0
"860","Vahlodea.atropurpurea ","TM.26",0
"861","Vahlodea.atropurpurea ","TM.27",2
"862","Vahlodea.atropurpurea ","TM.28",0
"863","Vahlodea.atropurpurea ","TM.3",0
"864","Vahlodea.atropurpurea ","TM.4",0
"865","Vahlodea.atropurpurea ","TM.5",0
"866","Vahlodea.atropurpurea ","TM.6",28
"867","Vahlodea.atropurpurea ","TM.7",0
"868","Vahlodea.atropurpurea ","TM.8",11
"869","Poa.alpina.arctica_Agrostis.alpina.humilis","BT.10",0
"870","Poa.alpina.arctica_Agrostis.alpina.humilis","BT.11",0
"871","Poa.alpina.arctica_Agrostis.alpina.humilis","BT.12",0
"872","Poa.alpina.arctica_Agrostis.alpina.humilis","BT.13",0
"873","Poa.alpina.arctica_Agrostis.alpina.humilis","BT.14",0
"874","Poa.alpina.arctica_Agrostis.alpina.humilis","BT.15",0
"875","Poa.alpina.arctica_Agrostis.alpina.humilis","BT.16",0
"876","Poa.alpina.arctica_Agrostis.alpina.humilis","BT.9",0
"877","Poa.alpina.arctica_Agrostis.alpina.humilis","PR.17",0
"878","Poa.alpina.arctica_Agrostis.alpina.humilis","PR.18",0
"879","Poa.alpina.arctica_Agrostis.alpina.humilis","PR.19",0
"880","Poa.alpina.arctica_Agrostis.alpina.humilis","PR.20",0
"881","Poa.alpina.arctica_Agrostis.alpina.humilis","PR.21",9
"882","Poa.alpina.arctica_Agrostis.alpina.humilis","PR.22",0
"883","Poa.alpina.arctica_Agrostis.alpina.humilis","PR.23",7
"884","Poa.alpina.arctica_Agrostis.alpina.humilis","PR.24",0
"885","Poa.alpina.arctica_Agrostis.alpina.humilis","TM.1",0
"886","Poa.alpina.arctica_Agrostis.alpina.humilis","TM.2",0
"887","Poa.alpina.arctica_Agrostis.alpina.humilis","TM.25",3
"888","Poa.alpina.arctica_Agrostis.alpina.humilis","TM.26",40
"889","Poa.alpina.arctica_Agrostis.alpina.humilis","TM.27",0
"890","Poa.alpina.arctica_Agrostis.alpina.humilis","TM.28",0
"891","Poa.alpina.arctica_Agrostis.alpina.humilis","TM.3",10
"892","Poa.alpina.arctica_Agrostis.alpina.humilis","TM.4",25
"893","Poa.alpina.arctica_Agrostis.alpina.humilis","TM.5",16
"894","Poa.alpina.arctica_Agrostis.alpina.humilis","TM.6",31
"895","Poa.alpina.arctica_Agrostis.alpina.humilis","TM.7",0
"896","Poa.alpina.arctica_Agrostis.alpina.humilis","TM.8",0
"897","Potentilla.flabellifolia","BT.10",0
"898","Potentilla.flabellifolia","BT.11",0
"899","Potentilla.flabellifolia","BT.12",0
"900","Potentilla.flabellifolia","BT.13",0
"901","Potentilla.flabellifolia","BT.14",0
"902","Potentilla.flabellifolia","BT.15",0
"903","Potentilla.flabellifolia","BT.16",0
"904","Potentilla.flabellifolia","BT.9",0
"905","Potentilla.flabellifolia","PR.17",0
"906","Potentilla.flabellifolia","PR.18",0
"907","Potentilla.flabellifolia","PR.19",0
"908","Potentilla.flabellifolia","PR.20",1
"909","Potentilla.flabellifolia","PR.21",0
"910","Potentilla.flabellifolia","PR.22",2
"911","Potentilla.flabellifolia","PR.23",0
"912","Potentilla.flabellifolia","PR.24",0
"913","Potentilla.flabellifolia","TM.1",0
"914","Potentilla.flabellifolia","TM.2",0
"915","Potentilla.flabellifolia","TM.25",0
"916","Potentilla.flabellifolia","TM.26",3
"917","Potentilla.flabellifolia","TM.27",0
"918","Potentilla.flabellifolia","TM.28",0
"919","Potentilla.flabellifolia","TM.3",0
"920","Potentilla.flabellifolia","TM.4",0
"921","Potentilla.flabellifolia","TM.5",0
"922","Potentilla.flabellifolia","TM.6",28
"923","Potentilla.flabellifolia","TM.7",0
"924","Potentilla.flabellifolia","TM.8",0
"925","Pulsatilla.occidentalis","BT.10",0
"926","Pulsatilla.occidentalis","BT.11",0
"927","Pulsatilla.occidentalis","BT.12",0
"928","Pulsatilla.occidentalis","BT.13",0
"929","Pulsatilla.occidentalis","BT.14",0
"930","Pulsatilla.occidentalis","BT.15",0
"931","Pulsatilla.occidentalis","BT.16",0
"932","Pulsatilla.occidentalis","BT.9",0
"933","Pulsatilla.occidentalis","PR.17",0
"934","Pulsatilla.occidentalis","PR.18",10
"935","Pulsatilla.occidentalis","PR.19",0
"936","Pulsatilla.occidentalis","PR.20",0
"937","Pulsatilla.occidentalis","PR.21",0
"938","Pulsatilla.occidentalis","PR.22",0
"939","Pulsatilla.occidentalis","PR.23",0
"940","Pulsatilla.occidentalis","PR.24",0
"941","Pulsatilla.occidentalis","TM.1",0
"942","Pulsatilla.occidentalis","TM.2",0
"943","Pulsatilla.occidentalis","TM.25",0
"944","Pulsatilla.occidentalis","TM.26",0
"945","Pulsatilla.occidentalis","TM.27",0
"946","Pulsatilla.occidentalis","TM.28",0
"947","Pulsatilla.occidentalis","TM.3",0
"948","Pulsatilla.occidentalis","TM.4",0
"949","Pulsatilla.occidentalis","TM.5",0
"950","Pulsatilla.occidentalis","TM.6",0
"951","Pulsatilla.occidentalis","TM.7",0
"952","Pulsatilla.occidentalis","TM.8",0
"953","Salix.barclayi","BT.10",0
"954","Salix.barclayi","BT.11",0
"955","Salix.barclayi","BT.12",0
"956","Salix.barclayi","BT.13",0
"957","Salix.barclayi","BT.14",0
"958","Salix.barclayi","BT.15",0
"959","Salix.barclayi","BT.16",0
"960","Salix.barclayi","BT.9",0
"961","Salix.barclayi","PR.17",0
"962","Salix.barclayi","PR.18",0
"963","Salix.barclayi","PR.19",0
"964","Salix.barclayi","PR.20",0
"965","Salix.barclayi","PR.21",0
"966","Salix.barclayi","PR.22",0
"967","Salix.barclayi","PR.23",0
"968","Salix.barclayi","PR.24",0
"969","Salix.barclayi","TM.1",0
"970","Salix.barclayi","TM.2",0
"971","Salix.barclayi","TM.25",0
"972","Salix.barclayi","TM.26",0
"973","Salix.barclayi","TM.27",0
"974","Salix.barclayi","TM.28",0
"975","Salix.barclayi","TM.3",0
"976","Salix.barclayi","TM.4",0
"977","Salix.barclayi","TM.5",0
"978","Salix.barclayi","TM.6",22
"979","Salix.barclayi","TM.7",0
"980","Salix.barclayi","TM.8",0
"981","Schoenoplectus.acutus","BT.10",0
"982","Schoenoplectus.acutus","BT.11",0
"983","Schoenoplectus.acutus","BT.12",0
"984","Schoenoplectus.acutus","BT.13",0
"985","Schoenoplectus.acutus","BT.14",0
"986","Schoenoplectus.acutus","BT.15",0
"987","Schoenoplectus.acutus","BT.16",0
"988","Schoenoplectus.acutus","BT.9",0
"989","Schoenoplectus.acutus","PR.17",0
"990","Schoenoplectus.acutus","PR.18",0
"991","Schoenoplectus.acutus","PR.19",0
"992","Schoenoplectus.acutus","PR.20",0
"993","Schoenoplectus.acutus","PR.21",0
"994","Schoenoplectus.acutus","PR.22",0
"995","Schoenoplectus.acutus","PR.23",0
"996","Schoenoplectus.acutus","PR.24",0
"997","Schoenoplectus.acutus","TM.1",2
"998","Schoenoplectus.acutus","TM.2",0
"999","Schoenoplectus.acutus","TM.25",0
"1000","Schoenoplectus.acutus","TM.26",0
"1001","Schoenoplectus.acutus","TM.27",0
"1002","Schoenoplectus.acutus","TM.28",0
"1003","Schoenoplectus.acutus","TM.3",0
"1004","Schoenoplectus.acutus","TM.4",0
"1005","Schoenoplectus.acutus","TM.5",0
"1006","Schoenoplectus.acutus","TM.6",0
"1007","Schoenoplectus.acutus","TM.7",0
"1008","Schoenoplectus.acutus","TM.8",0
"1009","Kalmia.spp","BT.10",0
"1010","Kalmia.spp","BT.11",0
"1011","Kalmia.spp","BT.12",0
"1012","Kalmia.spp","BT.13",0
"1013","Kalmia.spp","BT.14",0
"1014","Kalmia.spp","BT.15",0
"1015","Kalmia.spp","BT.16",0
"1016","Kalmia.spp","BT.9",0
"1017","Kalmia.spp","PR.17",0
"1018","Kalmia.spp","PR.18",0
"1019","Kalmia.spp","PR.19",0
"1020","Kalmia.spp","PR.20",0
"1021","Kalmia.spp","PR.21",0
"1022","Kalmia.spp","PR.22",0
"1023","Kalmia.spp","PR.23",0
"1024","Kalmia.spp","PR.24",0
"1025","Kalmia.spp","TM.1",0
"1026","Kalmia.spp","TM.2",0
"1027","Kalmia.spp","TM.25",0
"1028","Kalmia.spp","TM.26",0
"1029","Kalmia.spp","TM.27",0
"1030","Kalmia.spp","TM.28",0
"1031","Kalmia.spp","TM.3",0
"1032","Kalmia.spp","TM.4",3
"1033","Kalmia.spp","TM.5",0
"1034","Kalmia.spp","TM.6",0
"1035","Kalmia.spp","TM.7",0
"1036","Kalmia.spp","TM.8",0
"1037","Sorbus.sitchensis","BT.10",0
"1038","Sorbus.sitchensis","BT.11",0
"1039","Sorbus.sitchensis","BT.12",0
"1040","Sorbus.sitchensis","BT.13",0
"1041","Sorbus.sitchensis","BT.14",0
"1042","Sorbus.sitchensis","BT.15",0
"1043","Sorbus.sitchensis","BT.16",0
"1044","Sorbus.sitchensis","BT.9",0
"1045","Sorbus.sitchensis","PR.17",0
"1046","Sorbus.sitchensis","PR.18",0
"1047","Sorbus.sitchensis","PR.19",0
"1048","Sorbus.sitchensis","PR.20",0
"1049","Sorbus.sitchensis","PR.21",0
"1050","Sorbus.sitchensis","PR.22",0
"1051","Sorbus.sitchensis","PR.23",0
"1052","Sorbus.sitchensis","PR.24",0
"1053","Sorbus.sitchensis","TM.1",1
"1054","Sorbus.sitchensis","TM.2",0
"1055","Sorbus.sitchensis","TM.25",0
"1056","Sorbus.sitchensis","TM.26",0
"1057","Sorbus.sitchensis","TM.27",0
"1058","Sorbus.sitchensis","TM.28",0
"1059","Sorbus.sitchensis","TM.3",0
"1060","Sorbus.sitchensis","TM.4",0
"1061","Sorbus.sitchensis","TM.5",0
"1062","Sorbus.sitchensis","TM.6",0
"1063","Sorbus.sitchensis","TM.7",0
"1064","Sorbus.sitchensis","TM.8",0
"1065","Tonestus.lyallii","BT.10",0
"1066","Tonestus.lyallii","BT.11",0
"1067","Tonestus.lyallii","BT.12",0
"1068","Tonestus.lyallii","BT.13",0
"1069","Tonestus.lyallii","BT.14",0
"1070","Tonestus.lyallii","BT.15",0
"1071","Tonestus.lyallii","BT.16",10
"1072","Tonestus.lyallii","BT.9",0
"1073","Tonestus.lyallii","PR.17",0
"1074","Tonestus.lyallii","PR.18",0
"1075","Tonestus.lyallii","PR.19",0
"1076","Tonestus.lyallii","PR.20",0
"1077","Tonestus.lyallii","PR.21",0
"1078","Tonestus.lyallii","PR.22",0
"1079","Tonestus.lyallii","PR.23",0
"1080","Tonestus.lyallii","PR.24",0
"1081","Tonestus.lyallii","TM.1",0
"1082","Tonestus.lyallii","TM.2",0
"1083","Tonestus.lyallii","TM.25",0
"1084","Tonestus.lyallii","TM.26",0
"1085","Tonestus.lyallii","TM.27",0
"1086","Tonestus.lyallii","TM.28",0
"1087","Tonestus.lyallii","TM.3",0
"1088","Tonestus.lyallii","TM.4",0
"1089","Tonestus.lyallii","TM.5",0
"1090","Tonestus.lyallii","TM.6",0
"1091","Tonestus.lyallii","TM.7",0
"1092","Tonestus.lyallii","TM.8",0
"1093","Tsuga.mertensiana","BT.10",0
"1094","Tsuga.mertensiana","BT.11",0
"1095","Tsuga.mertensiana","BT.12",0
"1096","Tsuga.mertensiana","BT.13",0
"1097","Tsuga.mertensiana","BT.14",0
"1098","Tsuga.mertensiana","BT.15",0
"1099","Tsuga.mertensiana","BT.16",0
"1100","Tsuga.mertensiana","BT.9",0
"1101","Tsuga.mertensiana","PR.17",0
"1102","Tsuga.mertensiana","PR.18",1
"1103","Tsuga.mertensiana","PR.19",0
"1104","Tsuga.mertensiana","PR.20",0
"1105","Tsuga.mertensiana","PR.21",0
"1106","Tsuga.mertensiana","PR.22",0
"1107","Tsuga.mertensiana","PR.23",0
"1108","Tsuga.mertensiana","PR.24",5
"1109","Tsuga.mertensiana","TM.1",0
"1110","Tsuga.mertensiana","TM.2",0
"1111","Tsuga.mertensiana","TM.25",3
"1112","Tsuga.mertensiana","TM.26",4
"1113","Tsuga.mertensiana","TM.27",6
"1114","Tsuga.mertensiana","TM.28",6
"1115","Tsuga.mertensiana","TM.3",0
"1116","Tsuga.mertensiana","TM.4",0
"1117","Tsuga.mertensiana","TM.5",2
"1118","Tsuga.mertensiana","TM.6",1
"1119","Tsuga.mertensiana","TM.7",2
"1120","Tsuga.mertensiana","TM.8",9
"1121","Vaccinium.membranaceum","BT.10",0
"1122","Vaccinium.membranaceum","BT.11",0
"1123","Vaccinium.membranaceum","BT.12",0
"1124","Vaccinium.membranaceum","BT.13",0
"1125","Vaccinium.membranaceum","BT.14",0
"1126","Vaccinium.membranaceum","BT.15",0
"1127","Vaccinium.membranaceum","BT.16",0
"1128","Vaccinium.membranaceum","BT.9",0
"1129","Vaccinium.membranaceum","PR.17",0
"1130","Vaccinium.membranaceum","PR.18",0
"1131","Vaccinium.membranaceum","PR.19",0
"1132","Vaccinium.membranaceum","PR.20",0
"1133","Vaccinium.membranaceum","PR.21",2
"1134","Vaccinium.membranaceum","PR.22",0
"1135","Vaccinium.membranaceum","PR.23",0
"1136","Vaccinium.membranaceum","PR.24",0
"1137","Vaccinium.membranaceum","TM.1",0
"1138","Vaccinium.membranaceum","TM.2",0
"1139","Vaccinium.membranaceum","TM.25",0
"1140","Vaccinium.membranaceum","TM.26",0
"1141","Vaccinium.membranaceum","TM.27",0
"1142","Vaccinium.membranaceum","TM.28",0
"1143","Vaccinium.membranaceum","TM.3",0
"1144","Vaccinium.membranaceum","TM.4",0
"1145","Vaccinium.membranaceum","TM.5",0
"1146","Vaccinium.membranaceum","TM.6",0
"1147","Vaccinium.membranaceum","TM.7",0
"1148","Vaccinium.membranaceum","TM.8",0
"1149","Vaccinium.ovafolium","BT.10",40
"1150","Vaccinium.ovafolium","BT.11",36
"1151","Vaccinium.ovafolium","BT.12",40
"1152","Vaccinium.ovafolium","BT.13",32
"1153","Vaccinium.ovafolium","BT.14",38
"1154","Vaccinium.ovafolium","BT.15",0
"1155","Vaccinium.ovafolium","BT.16",0
"1156","Vaccinium.ovafolium","BT.9",40
"1157","Vaccinium.ovafolium","PR.17",0
"1158","Vaccinium.ovafolium","PR.18",0
"1159","Vaccinium.ovafolium","PR.19",17
"1160","Vaccinium.ovafolium","PR.20",36
"1161","Vaccinium.ovafolium","PR.21",32
"1162","Vaccinium.ovafolium","PR.22",29
"1163","Vaccinium.ovafolium","PR.23",2
"1164","Vaccinium.ovafolium","PR.24",3
"1165","Vaccinium.ovafolium","TM.1",21
"1166","Vaccinium.ovafolium","TM.2",40
"1167","Vaccinium.ovafolium","TM.25",20
"1168","Vaccinium.ovafolium","TM.26",27
"1169","Vaccinium.ovafolium","TM.27",28
"1170","Vaccinium.ovafolium","TM.28",40
"1171","Vaccinium.ovafolium","TM.3",15
"1172","Vaccinium.ovafolium","TM.4",37
"1173","Vaccinium.ovafolium","TM.5",38
"1174","Vaccinium.ovafolium","TM.6",33
"1175","Vaccinium.ovafolium","TM.7",36
"1176","Vaccinium.ovafolium","TM.8",40
"1177","Vahlodea.atropurpurea","BT.10",0
"1178","Vahlodea.atropurpurea","BT.11",0
"1179","Vahlodea.atropurpurea","BT.12",0
"1180","Vahlodea.atropurpurea","BT.13",0
"1181","Vahlodea.atropurpurea","BT.14",0
"1182","Vahlodea.atropurpurea","BT.15",0
"1183","Vahlodea.atropurpurea","BT.16",0
"1184","Vahlodea.atropurpurea","BT.9",0
"1185","Vahlodea.atropurpurea","PR.17",0
"1186","Vahlodea.atropurpurea","PR.18",0
"1187","Vahlodea.atropurpurea","PR.19",0
"1188","Vahlodea.atropurpurea","PR.20",0
"1189","Vahlodea.atropurpurea","PR.21",0
"1190","Vahlodea.atropurpurea","PR.22",0
"1191","Vahlodea.atropurpurea","PR.23",0
"1192","Vahlodea.atropurpurea","PR.24",0
"1193","Vahlodea.atropurpurea","TM.1",0
"1194","Vahlodea.atropurpurea","TM.2",0
"1195","Vahlodea.atropurpurea","TM.25",0
"1196","Vahlodea.atropurpurea","TM.26",0
"1197","Vahlodea.atropurpurea","TM.27",0
"1198","Vahlodea.atropurpurea","TM.28",0
"1199","Vahlodea.atropurpurea","TM.3",5
"1200","Vahlodea.atropurpurea","TM.4",0
"1201","Vahlodea.atropurpurea","TM.5",0
"1202","Vahlodea.atropurpurea","TM.6",0
"1203","Vahlodea.atropurpurea","TM.7",0
"1204","Vahlodea.atropurpurea","TM.8",0
"1205","Valeriana.stichensis","BT.10",5
"1206","Valeriana.stichensis","BT.11",13
"1207","Valeriana.stichensis","BT.12",21
"1208","Valeriana.stichensis","BT.13",3
"1209","Valeriana.stichensis","BT.14",10
"1210","Valeriana.stichensis","BT.15",0
"1211","Valeriana.stichensis","BT.16",0
"1212","Valeriana.stichensis","BT.9",0
"1213","Valeriana.stichensis","PR.17",0
"1214","Valeriana.stichensis","PR.18",5
"1215","Valeriana.stichensis","PR.19",0
"1216","Valeriana.stichensis","PR.20",0
"1217","Valeriana.stichensis","PR.21",0
"1218","Valeriana.stichensis","PR.22",0
"1219","Valeriana.stichensis","PR.23",0
"1220","Valeriana.stichensis","PR.24",0
"1221","Valeriana.stichensis","TM.1",0
"1222","Valeriana.stichensis","TM.2",0
"1223","Valeriana.stichensis","TM.25",0
"1224","Valeriana.stichensis","TM.26",0
"1225","Valeriana.stichensis","TM.27",0
"1226","Valeriana.stichensis","TM.28",0
"1227","Valeriana.stichensis","TM.3",0
"1228","Valeriana.stichensis","TM.4",0
"1229","Valeriana.stichensis","TM.5",0
"1230","Valeriana.stichensis","TM.6",0
"1231","Valeriana.stichensis","TM.7",0
"1232","Valeriana.stichensis","TM.8",0
"1233","Veronica.wormskjoldii","BT.10",0
"1234","Veronica.wormskjoldii","BT.11",0
"1235","Veronica.wormskjoldii","BT.12",0
"1236","Veronica.wormskjoldii","BT.13",0
"1237","Veronica.wormskjoldii","BT.14",0
"1238","Veronica.wormskjoldii","BT.15",0
"1239","Veronica.wormskjoldii","BT.16",0
"1240","Veronica.wormskjoldii","BT.9",0
"1241","Veronica.wormskjoldii","PR.17",0
"1242","Veronica.wormskjoldii","PR.18",0
"1243","Veronica.wormskjoldii","PR.19",0
"1244","Veronica.wormskjoldii","PR.20",0
"1245","Veronica.wormskjoldii","PR.21",0
"1246","Veronica.wormskjoldii","PR.22",0
"1247","Veronica.wormskjoldii","PR.23",0
"1248","Veronica.wormskjoldii","PR.24",0
"1249","Veronica.wormskjoldii","TM.1",0
"1250","Veronica.wormskjoldii","TM.2",0
"1251","Veronica.wormskjoldii","TM.25",0
"1252","Veronica.wormskjoldii","TM.26",0
"1253","Veronica.wormskjoldii","TM.27",0
"1254","Veronica.wormskjoldii","TM.28",0
"1255","Veronica.wormskjoldii","TM.3",0
"1256","Veronica.wormskjoldii","TM.4",0
"1257","Veronica.wormskjoldii","TM.5",0
"1258","Veronica.wormskjoldii","TM.6",19
"1259","Veronica.wormskjoldii","TM.7",0
"1260","Veronica.wormskjoldii","TM.8",0
