Site.Transect.Quadrat,1.1.1,1.1.2,1.1.3,1.1.4,1.1.5,1.1.6,1.1.7,1.1.8,1.1.9,1.1.10,1.2.1,1.2.2,1.2.3,1.2.4,1.2.5,1.2.6,1.2.7,1.2.8,1.2.9,1.2.10,1.3.1,1.3.2,1.3.3,1.3.4,1.3.5,1.3.6,1.3.7,1.3.8,1.3.9,1.3.10,1.4.1,1.4.2,1.4.3,1.4.4,1.4.5,1.4.6,1.4.7,1.4.8,1.4.9,1.4.10,1.5.1,1.5.2,1.5.3,1.5.4,1.5.5,1.5.6,1.5.7,1.5.8,1.5.9,1.5.10,1.6.1,1.6.2,1.6.3,1.6.4,1.6.5,1.6.6,1.6.7,1.6.8,1.6.9,1.6.10,1.7.1,1.7.2,1.7.3,1.7.4,1.7.5,1.7.6,1.7.7,1.7.8,1.7.9,1.7.10,1.8.1,1.8.2,1.8.3,1.8.4,1.8.5,1.8.6,1.8.7,1.8.8,1.8.9,1.8.10,2.9.1,2.9.2,2.9.3,2.9.4,2.9.5,2.9.6,2.9.7,2.9.8,2.9.9,2.9.10,2.10.1,2.10.2,2.10.3,2.10.4,2.10.5,2.10.6,2.10.7,2.10.8,2.10.9,2.10.10,2.11.1,2.11.2,2.11.3,2.11.4,2.11.5,2.11.6,2.11.7,2.11.8,2.11.9,2.11.10,2.12.1,2.12.2,2.12.3,2.12.4,2.12.5,2.12.6,2.12.7,2.12.8,2.12.9,2.12.10,2.13.1,2.13.2,2.13.3,2.13.4,2.13.5,2.13.6,2.13.7,2.13.8,2.13.9,2.13.10,2.14.1,2.14.2,2.14.3,2.14.4,2.14.5,2.14.6,2.14.7,2.14.8,2.14.9,2.14.10,2.15.1,2.15.2,2.15.3,2.15.4,2.15.5,2.15.6,2.15.7,2.15.8,2.15.9,2.15.10,2.16.1,2.16.2,2.16.3,2.16.4,2.16.5,2.16.6,2.16.7,2.16.8,2.16.9,2.16.10,3.17.1,3.17.2,3.17.3,3.17.4,3.17.5,3.17.6,3.17.7,3.17.8,3.17.9,3.17.10,3.18.1,3.18.2,3.18.3,3.18.4,3.18.5,3.18.6,3.18.7,3.18.8,3.18.9,3.18.10,3.19.1,3.19.2,3.19.3,3.19.4,3.19.5,3.19.6,3.19.7,3.19.8,3.19.9,3.19.10,3.20.1,3.20.2,3.20.3,3.20.4,3.20.5,3.20.6,3.20.7,3.20.8,3.20.9,3.20.10,3.21.1,3.21.2,3.21.3,3.21.4,3.21.5,3.21.6,3.21.7,3.21.8,3.21.9,3.21.10,3.22.1,3.22.2,3.22.3,3.22.4,3.22.5,3.22.6,3.22.7,3.22.8,3.22.9,3.22.10,3.23.1,3.23.2,3.23.3,3.23.4,3.23.5,3.23.6,3.23.7,3.23.8,3.23.9,3.23.10,3.24.1,3.24.2,3.24.3,3.24.4,3.24.5,3.24.6,3.24.7,3.24.8,3.24.9,3.24.10,1.25.1,1.25.2,1.25.3,1.25.4,1.25.5,1.25.6,1.25.7,1.25.8,1.25.9,1.25.10,1.26.1,1.26.2,1.26.3,1.26.4,1.26.5,1.26.6,1.26.7,1.26.8,1.26.9,1.26.10,1.27.1,1.27.2,1.27.3,1.27.4,1.27.5,1.27.6,1.27.7,1.27.8,1.27.9,1.27.10,1.28.1,1.28.2,1.28.3,1.28.4,1.28.5,1.28.6,1.28.7,1.28.8,1.28.9,1.28.10
Luetkea pectinata,0.5,0.5,1,5,1,0.5,1,,0.5,5,10,10,10,5,10,10,5,5,1,5,10,5,5,10,30,20,,,0.5,10,5,30,50,30,45,10,20,10,15,5,20,25,15,10,5,15,15,15,15,40,1,1,0.5,,,,,0.5,0.5,10,5,1,5,10,5,5,10,20,10,10,5,5,1,1,1,1,5,15,5,,5,1,10,15,25,15,10,15,20,5,,,,1,5,1,0.5,1,1,1,0.5,,,,,,,,,,,,,,,,,,,,10,10,10,15,15,30,35,10,1,5,1,,,1,1,1,1,0.5,5,1,1,0.5,,1,,1,5,0.5,1,0.5,5,0.5,0.5,0.5,0.5,,,,,,10,5,,10,5,10,15,10,40,1,1,5,5,0.5,1,5,10,15,35,15,1,15,45,20,5,1,0.5,1,5,1,15,15,10,10,15,15,25,20,40,25,1,20,1,0.5,1,10,5,10,5,5,40,30,35,20,20,30,20,40,30,30,1,10,1,0.5,0.5,1,15,1,10,5,1,1,5,5,5,1,1,5,1,5,1,1,10,10,1,25,20,10,10,,5,10,15,15,10,10,5,10,15,5,,0.5,,0.5,5,5,10,5,,,5,1,0.5,0.5,0.5,0.5,0.5,1,1,0.5
Vaccinium ovalifolium,,,1,10,,,0.5,,0.5,10,20,25,15,10,15,20,10,5,10,5,,,,0.5,10,5,1,,,,1,5,10,30,40,20,35,25,25,30,10,5,25,10,5,5,15,15,15,20,5,10,,5,5,5,10,15,15,20,0.5,1,10,25,15,5,20,35,20,35,15,15,10,15,10,5,25,30,20,15,10,5,10,10,15,20,15,15,15,10,30,25,15,10,5,35,45,40,30,10,10,20,15,5,5,10,5,5,5,40,10,25,20,20,15,30,45,15,60,40,10,5,15,15,15,15,15,5,5,30,1,1,1,5,1,5,15,10,25,20,,,,,,,,,,,,,,,,,,,,,,,,,,,,,,,,,,,,,,,,,0.5,5,5,5,0.5,,,,,,40,30,40,20,35,35,30,20,5,,0.5,25,1,0.5,0.5,5,5,35,20,30,1,,,5,5,10,5,15,25,30,,0.5,,,,,,,,,1,,,,,,,,,,1,,5,1,5,1,1,10,10,1,5,5,0.5,5,1,1,1,,5,20,0.5,0.5,,0.5,5,10,25,5,,,15,5,15,5,5,5,10,5,5,1
Cassiope mertensiana,,,,15,,,,,,,15,10,10,15,25,15,10,10,10,5,,,,0.5,,,,,,,,,,,1,40,60,50,30,15,15,10,10,20,5,10,5,10,15,10,70,5,,,,,1,15,15,20,5,1,10,35,20,15,20,25,20,30,30,10,15,15,15,10,45,50,30,5,,,,,,,,,,,,,,,,,,,,,,,,,,,,,,,,,,,,,,,,,,,,,,60,0.5,30,70,45,25,50,1,15,70,70,40,10,,10,1,1,,0.5,1,0.5,5,1,1,,25,30,,,,,,,,,5,,,,1,,5,45,,,5,30,20,5,5,10,70,90,40,30,,1,1,5,0.5,,0.5,0.5,,0.5,25,25,20,15,15,20,25,25,45,40,,20,,,1,,,1,,,15,40,50,35,45,40,30,40,40,45,1,10,,,0.5,0.5,,,,0.5,60,20,40,35,20,50,20,10,10,15,,,,,,,,,,,40,25,20,10,20,10,15,20,45,10,,,,,5,15,15,5,,,30,15,40,50,15,5,20,25,20,15
Phyllodoce empetriformis,10,10,1,20,0.5,,,,,5,30,15,5,,,1,,10,5,5,1,,1,,,,,,,,25,30,15,10,5,60,25,45,50,90,15,20,70,20,25,30,25,20,30,30,35,20,10,1,,15,25,30,5,20,20,5,30,50,15,25,40,45,25,30,5,10,15,5,15,5,15,25,25,20,10,,,,,10,15,10,15,20,15,10,20,30,20,15,1,5,15,5,50,30,25,25,,5,10,5,5,,15,40,60,80,25,,,,,,,,,,,,,,,,0.5,50,90,25,,,,,,,,,,,,,,,,,,,,,,,,,,,,,,,,,,,,,1,5,5,15,,10,15,,15,15,0.5,,5,15,,,,,,,10,5,5,5,25,15,,5,,,,,,,,,,15,5,25,,,,,5,,0.5,15,1,15,,,,,,,,,,0.5,,,,,,,,1,,10,,5,25,15,5,10,1,30,1,,1,1,1,15,10,15,20,20,15,30,0.5,0.5,0.5,0.5,5,15,25,1,,,25,25,20,5,10,25,15,20,25,45
Abies lasiocarpa,,,,,,,,,,,,0.5,0.5,0.5,0.5,0.5,1,0.5,,,,,,,,,,,,,,,,,5,,,,60,5,0.5,0.5,,5,0.5,1,1,,,0.5,,0.5,,,,,,5,50,,,,0.5,5,,,5,,,,1,,0.5,,0.5,,,,,,,,,,,,,,,,,,,,,,,,,,,,,,,,25,1,,70,,,5,5,,10,20,80,60,60,,0.5,,,0.5,30,10,5,1,35,15,,,,,0.5,5,1,10,10,,,,,,,,0.5,,,25,50,10,,1,,50,,,0.5,0.5,,0.5,,,,,,,,0.5,0.5,,0.5,0.5,,,,,0.5,,,,,,,,,,,0.5,,,,,,,,,0.5,,,,,,,,,,5,,,0.5,,,,,,,,,,0.5,,,0.5,,,0.5,,0.5,0.5,1,1,1,1,1,1,5,1,,15,,,1,1,1,5,,,0.5,5,5,5,5,15,5,1,15,15,,,,,,,0.5,1,,,1,,0.5,0.5,,5,30,5,5,1
Pilosella tristis,,,,,,,,,,,,,,,,,0.5,,,,,,,,0.5,,,,,,0.5,0.5,0.5,1,,,,,,,0.5,0.5,,0.5,0.5,,0.5,0.5,1,5,0.5,,0.5,0.5,0.5,,,,,,,,0.5,,,,,,,,,,0.5,,,,,,,,,,0.5,0.5,1,,,,,,,,,,0.5,,,,,,,,,,,,,,,,,,,,,,,,,,,,,,,,,,,,,,,0.5,,,,0.5,0.5,0.5,,,,,,,,,,,,,,,,,,,,,0.5,,,,0.5,1,1,0.5,,,0.5,0.5,0.5,0.5,1,1,1,0.5,0.5,0.5,0.5,1,1,0.5,1,0.5,0.5,0.5,,,0.5,0.5,,0.5,0.5,0.5,0.5,0.5,0.5,0.5,,,,,,,,,,,1,1,1,1,0.5,,,0.5,1,0.5,,0.5,0.5,,0.5,,,0.5,0.5,0.5,,,0.5,0.5,0.5,0.5,0.5,0.5,0.5,0.5,,0.5,0.5,0.5,0.5,0.5,0.5,0.5,1,,5,5,5,1,5,1,0.5,1,5,5,,,,,,,,,,,0.5,,,,,,,,,
Erigeron glacialis,,,,,,,,,,,,,,,,,,,,,,,,,,,,,,0.5,1,,,,,,0.5,,,1,0.5,0.5,0.5,0.5,,1,0.5,,0.5,,0.5,0.5,0.5,0.5,1,,0.5,,,,,,,,,,0.5,,,,0.5,,,,,,,,,,,,,,,,,,,,,,,,,,,,,,,,,,,,,,,0.5,0.5,,,,0.5,,,,,,0.5,1,0.5,0.5,0.5,,,,,0.5,0.5,,,,,,,,,,,,,,,,,,,,,,,,,,,,,,,,,,,,,,,,,,,0.5,1,,,,,,,0.5,0.5,,,,,,0.5,0.5,0.5,0.5,0.5,,0.5,,0.5,0.5,0.5,0.5,,,,,,,,,,,,,,0.5,0.5,,,,0.5,0.5,,,,,,,,,,,,,,,,,,,,,,,,,,,,,,,,,,,,1,1,1,1,,,,,,,,,,,,,,,,,,,,,
Vahlodea atropurpurea,,,,,,,0.5,,,0.5,,,,,,,,,,,,,,,,,,,,,,,,,,,0.5,,,,0.5,0.5,0.5,0.5,0.5,0.5,0.5,0.5,1,,5,5,1,0.5,0.5,,0.5,1,,,,0.5,,,,,1,,,,0.5,,0.5,0.5,0.5,0.5,,,,,,,,,0.5,0.5,,,,0.5,,0.5,,,,,,,,,,,,,,,,,,,,,,,,,,,,,,,,,,,,,,,,,,,,,,,,,,,,,,,,,,,,,,,,,,,,,,,,,,,,,,,,,,0.5,0.5,,,,,,,0.5,0.5,0.5,1,0.5,0.5,0.5,0.5,,1,0.5,0.5,0.5,0.5,0.5,0.5,,1,,,,,,0.5,,,,,,0.5,,0.5,,0.5,0.5,,0.5,,,0.5,0.5,0.5,0.5,,,0.5,,0.5,,,,,,,,,,,,,0.5,,,,0.5,0.5,,,,1,0.5,1,1,1,5,1,5,5,1,,,,,,,,,,,,,,,,,,,,
Poa alpina,,,,,,,,,,,,,,,,,,,,,,,,,,,,,,,,,,,,,,,,,,,,,,,,,,,,,,,,,,,,,,,,,,,,,,,,,,,,,,,,,,,,,,,,,,,,,,,,,,,,,,,,,,,,,,,,,,,,,,,,,,,,,,,,,,,,,,,,,,,,,,,,,,,,,,,,,,,,,,,,,,,,,,,,,,,,,,,,,,,,,,,,,,,,,,,,,,,,,,,,,,,,,,,,,,,,,,,,,,,,,,,,,,,,,,,,,,,,,,,,,,,,,,,,,,,,,,,,,,,,,,,,,,,,,,,,,,,,,,,,
Poa arctica,,,,,,,,,,,,,,,,,,,,,,,,,,,,,,,,,,,,,,,,,,,,,,,,,,,,,,,,,,,,,,,,,,,,,,,,,,,,,,,,,,,,,,,,,,,,,,,,,,,,,,,,,,,,,,,,,,,0.5,,,,,,,,,,,,,,,0.5,,,,,,,,,0.5,0.5,,,,,,,,,,,,,,,,,,,,,,,,,,,,,,,,,,,,,,,,,,,,,,,,,,,,,,,,,,,,,,,,,,,,,,,,,,,,,,,,,,,,,,,,,,,,,,,,,,,,,,,,,,,,,,,,,,,,,,,,,,,,,,,,,,,,,,,,,,,,
Agrostis alpina,,,,,,,,,,,,,,,,,,,,,,,,,,,,,,,,,,,,,,,,,,,,,,,,,,,,,,,,0.5,,,,,,,,,,,,,,,,,,,,,,,,,,,,,,,,,,,,,,,,,,,,,,,,,,,,,,,,,,,,,,,,,,,,,,,,,,,,,,,,,,,,,,,,,,,,,,,,,,,,,,,,,,,,,,,,,,,,,,,,,,,,,,,,,,,,,,,,,,,,,,,,,,,,,,,,,,,,,,,,,,,,,,,,,,,,,,,,,,,,,,,,,,,,,,,,,,,,,,,,,,,,,,,,,,,,,,,,,,,,,,,,
Agrostis humilis,,,,,,,,,,,,,,,,,,,,,,,,,,,,,,,,,,,,,,,,,,,,,,,,,,,,,,,0.5,,,,0.5,,,,,,,,,,,,,,,,,,,,,,,,,,,,,,,,,,,,,,,,,,,,,,,,,,,,,,,,,,,,,,,,,,,,,,,,,,,,,,,,,,,,,,,,,,,,,,,,,,,,,,,,,,,,,,,,,,,,,,,,,,,,,,,,,,,,,,,,,,,,,,,,,,,,,,,,,,,,,,,,,,,,,,,,,,,,,,,,,,,,,,,,,,,,,,,,,,,,,,,,,,,,,,,,,,,,,,,,,,,,,
Kalmia microphylla,,,,,,,,,,,,,,,,,,,,1,0.5,,,,,,,,,,1,1,5,1,5,0.5,1,0.5,0.5,0.5,1,0.5,10,1,0.5,1,1,5,10,,,5,,,,,0.5,,,5,,,,,,,,,,,,,,,,,,,,,,,,,,,,,,,,,,,,,,,,,,,,,,,,,,,,,,,,,,,,,,,,,,,,,,,,,,,,,,,,,,,,,,,,,,,,,,,,,,,,,,,,,,,,,,,,,,,,,,,,,,0.5,0.5,,,,0.5,,,,5,5,1,5,10,10,10,5,,,,,,,,,,,,,,,,,,,,,,,,,,,,,,,,,,,,,,,,,,,,,,,,,,,,,,,,,,,,,,,,,,,,,,,,,,,,,,,,,,
Carex spectabilis,,,,,,,,,,,,,,,,,,,,,,,,,,,,0.5,,,,,,,,,,,,,,,0.5,0.5,,,,,,,,,1,,,,,,,,,,,,,,,,,,,,,,,,,,,,,0.5,0.5,0.5,0.5,,,,,0.5,,,,,,,,0.5,,,0.5,,,0.5,,1,,,,,,,,,0.5,0.5,,,,,5,1,1,5,5,,1,0.5,1,0.5,,0.5,,,,0.5,0.5,0.5,,,,,,,,,,,,,,,,,,,,,,,0.5,,,,,5,25,5,1,,,,,0.5,0.5,0.5,0.5,,0.5,,,,,10,5,,,,,1,,,,,,0.5,0.5,0.5,5,1,1,0.5,5,1,1,1,5,5,1,0.5,,0.5,0.5,,0.5,,0.5,,,0.5,,,,,,,,,,,,,,,,,,,,,,,,0.5,0.5,,0.5,,1,,0.5,,0.5,0.5,1,5,1,,,,,,,,,,,,,,,,,,,,,,,
Caltha leptosepala,,,,,,,,,,,,,,,,,,,,,,,,,,,,,,,1,0.5,0.5,,,,,,,,0.5,,,,0.5,0.5,,,,,15,10,10,15,10,15,15,1,,,,,,,,,,,,,,,,,,,,,,,,,,,,,,,,,,,,,,,,,,,,,,,,,,,,,,,,,,,,,,,,,,,,,,,,,,,,,,,,,,,,,,,,,,,,,,,,,,,,,,,,,,,,,,,,,0.5,,,1,1,1,10,5,,,,,,,,,,,1,0.5,,,,,,,,,,,,,,,,,,,,,,,,,,,,,,,,,,,,,,,,,,,,,,,,,,,,,,,,,,,,,,,,,,,,,,,,,,,,,,,,,,,,,,,,,,
Valeriana stichensis,,,,,,,,,,,,,,,,,,,,,,,,,,,,,,,,,,,,,,,,,,,,,,,,,,,,,,,,,,,,,,,,,,,,,,,,,,,,,,,,,,,,,,,,,,,,,,0.5,0.5,0.5,,,,,,,0.5,0.5,,,,,,1,,10,,,,5,15,10,,,,,,1,,,,,1,5,5,,1,1,5,1,,10,,,,,,,,,,,,,,,,,,,,,,,,,,,,,,,,,0.5,,,,1,1,,,,,,,,,,,,,,,,,,,,,,,,,,,,,,,,,,,,,,,,,,,,,,,,,,,,,,,,,,,,,,,,,,,,,,,,,,,,,,,,,,,,,,,,,,,,,,,,,,,,,,,,
Lupinus arcticus,,,,,,,,,,,,,,,,,,,,,,,,,,,,,,,,,,,,,,,,,,,,,,,,,,,,,,,,,,,,,,,5,,,,25,10,,,,,,,,,,,,,,,,,,,,,,,,,,,0.5,1,,,,,,0.5,,,,,,,,,,,,,20,5,1,,5,,1,,0.5,5,0.5,5,5,,1,0.5,10,0.5,,0.5,0.5,1,1,0.5,0.5,1,,,,,,,,,,,,,,,,,,,,,,,,,,,,,,,,,,,,,,,,,,,,,,,,,,,,,,,,,,,,,,,,,,,,,,,,,,,,,,,,,,,,,,,,,,,,,,,,,,,,,,,,,,,,,,,,,,,,,,,,,,,,,,,,,,,,,,,,,,,,
Phyllodoce glanduliflora,,,,,,,,,,,,,,,,,,,,,,,,,,,,,,,,,,,,,,,,,,,,,,,,,,,,,,,,,,,,,,,,,,,,,,,,,,,,,,,,,,,,,,,,,,,,,,,,,,,,,,,,,,,,,,,,,,,,,,,,,,,,,,,,,,,,,,,,,,,,,,,0.5,0.5,,0.5,0.5,5,1,,,10,5,10,25,0.5,5,15,10,30,,,,,,,,,,,5,,,,,,,,5,10,,,,,,,,,,,,,,,,,,,,,,,,,,,,,,,,,,,,,,,,,,,,,,,,,,,,,,,,,,,,,,,,,,,,,,,,,,,,,,,,,,,,,,,,,,,,,,,,,,,,
Potentilla flabellifolia,,,,,,,,,,,,,,,,,,,,,,,,,,,,,,,,,,,,,,,,,,,,,,,,,,,5,0.5,5,1,5,10,15,5,,,,,,,,,,,,,,,,,,,,,,,,,,,,,,,,,,,,,,,,,,,,,,,,,,,,,,,,,,,,,,,,,,,,,,,,,,,,,,,,,,,,,,,,,,,,,,,,,,,,,,,,,,,,,,,,,,,,,,,,,,,,,,,,,,,,,,,,,,,,0.5,,,,,,,,,,,,,,,,,,,,,0.5,0.5,,,,,,,,,,,,,,,,,,,,,,,,,,,,,,,,,,,,0.5,5,,,10,,,,,,,,,,,,,,,,,,,,
Arnica latifolia,,,,,,,,,,,,,,,,,,,,,,,,,,,,,,,,,,,,,,,,,,,,,,,,,,,,,,,,,,,,,,,,,,,,,,,,,,,,,,,,,,,,,1,,,,,,,,,0.5,5,0.5,,,,,,,,,,,,,,,,,,5,,1,1,1,,,0.5,1,,,,0.5,1,1,5,10,1,1,1,0.5,0.5,0.5,0.5,0.5,,,,,,,,,,,,,,,,,,,,,,,,,,,,,,,,,,,,0.5,,0.5,,,,1,,,,,,,,,,,,,,,,,,,,,,,,,,,,,,,,,,,,,,,,,,,,,,,,,,,,,,,,,,,,,,,,,,,,,,,,,,,,,,,,5,,,,,,,,,,,,,,,,,,,,
Diphasiastrum alpinum,,,,,,,,,,,,,,,,,,,,,,,,,,,,,,,,,,,,,,,,,,,,,,,,,,,,,,,,,,,,,,,,,,,,,,,,,,,,,,,,,,,,,,,,,,,,,,,,,,,,,,,,,,,,,,,,,,,,,,,,,,,,,,,,,,,,,,,,,,,,,,,,,,,,,,,,,,,,,,,,,,,,,,,,,,,,,,,,,,,,,,,,,,,,,,,,,,,,,,,,,,,,,,,,,,,,,,,,,,,,,,,,,,,,,,,,,,,,,,,,,,,,,,,,,,,,,,,,,,,,,,,,,,,,,,,,,,,,,,,,
Juncus drummondii,,,,,,,,,,,,,,,,,,,,,,,,,,,,,,,,,,,,,,,,,,,,,,,,,,,,,,,,,,,,,,,,,,,,,,,,,,,,,,,,,,,,,,,,,,,,,,,,,,,,,,,,,,,,,,,,,,,,,,,,,,,,,,,,,,,,,,,,,,,,,,,,,,,,,,,,,,,,,,,,,0.5,,,,,,,,,,0.5,0.5,0.5,0.5,0.5,0.5,,,,,1,0.5,0.5,1,1,5,0.5,0.5,0.5,1,,,,,,,,,,,,,,,,,,,,,,,,,,,,,,,,,,,,,,,,,0.5,,,,,,0.5,,0.5,0.5,,,,,,,,,,,,,,,,,,,,,,,,,,,,,,,,,,,,,,,,
Luzula piperi,,,,,,,,,,,,,,,,,,,,,,,,,,,,,,,,,,,,,,,,,,,,,,,,,,,,,,,,,,,,,,,,,,,,,,,,,,,,,,,,,,,,,,,,,,,,,,,,,,,,,,,,,,,,,,,,,,,,,,,,,,,,0.5,,,,0.5,,,,,,,,0.5,0.5,,,0.5,,,,,,,,,,,,,,,,,,,,,,,,,0.5,,,0.5,1,,,,,0.5,0.5,,,,,,,,,,,,,,,,,,0.5,1,,,,0.5,,,,,5,0.5,0.5,5,0.5,0.5,,,,,,,,,,,,,0.5,,,,,,,,,,,,,,,,,0.5,0.5,,,,,,,,,,,,,,,,,,,,,,,,,,,,,,,,,,,,,,,,,
Tsuga mertensiana,,,,,,,,,,,,,,,,,,,,,,,,,,,,,,,,,,,,,,,,,,0.5,5,1,,,,,,10,,,,,,,,,70,,,,,,,,10,,,,5,,,,,,,,,20,,,,,,,,,,,,,,,,,,,,,,,,,,,,,,,,,,,,,,,,,,,,,,,,,,,,,,,,,,,,,,,,,,,,,,,,,,,,,,,,,,,,,,,,,,,,,,,,,,,,,,,,,,,,,,,,,,,,,,,,,,,,,,,,,,,,,,,,,,,,,,,,,,,,,,,,,,,,,,,,,,,,,,,,,,,,,,,,,,,5,,,,,,,35,45,,,,5,,,0.5,0.5,,,,,5
Salix barclayi,,,,,,,,,,,,,,,,,,,,,,,,,,,,,,,,,,,,,,,,,,,,,,,,,,,,,1,,30,30,20,15,5,,,,,,,,,,,,,,,,,,,,,,,,,,,,,,,,,,,,,,,,,,,,,,,,,,,,,,,,,,,,,,,,,,,,,,,,,,,,,,,,,,,,,,,,,,,,,,,,,,,,,,,,,,,,,,,,,,,,,,,,,,,,,,,,,,,,,,,,,,,,,,,,,,,,,,,,,,,,,,,,,,,,,,,,,,,,,,,,,,,,,,,,,,,,,,,,,,,,,,,,,,,,,,,,,,,,,,,,,,,,,
Carex nigricans,,,,,,,,,,,,,,,,,,,,,5,5,0.5,0.5,1,,,,,,0.5,0.5,,,,,,,,,1,0.5,,,,0.5,0.5,0.5,,0.5,,,,,,,,,,1,,,,,,,,0.5,,,,,,,,,,,,,,,,,,,,,,,,,,,,,,,,,,,,,,,,,,,,,,,,,,,,,,,,,,,,,,,,,,,,,,,,,,,,,,,,,,,,,,,,,,,,,0.5,,,,10,1,,5,5,,0.5,0.5,0.5,0.5,0.5,0.5,,,,,5,1,1,5,10,10,10,5,1,10,,,,,0.5,5,1,15,10,5,35,20,10,1,0.5,0.5,1,0.5,0.5,,40,15,10,15,5,5,0.5,0.5,,0.5,0.5,0.5,,0.5,0.5,0.5,0.5,0.5,0.5,1,,,,,,,,,,,,,,0.5,0.5,0.5,1,1,10,0.5,,,,,,,,0.5,5,,,,,,,,,,,,,,,,,,,,,
Carex pyrenaica,,,,,,,,,,,,,,,,,,,,,,,,,,,,,,,,,,,,,,,,,,,,,,,,,,,,,,,,,,,,,,,,,,,5,,,,,,,,,,,,,,,,,,,,,,,,,,,,,,,,,,,,,,,,,,,,,,,,,,,,,,,,,,,,,,,,,,,,,,,,,,,,,,,,,,,,,,,,,,,,,,,,,,,,,,,,,,,,,,,,,,,,,,,,,,,,,,,,,,,,,,,,,,,,,,,,,,,,,,,,,,,,,,,,,,,,,,,,,,,,,,,,,,,,,,,,,,,,,,,,,,,,,,,,,,,,,,,,,,,,,
Veronica wormskjoldii,,,,,,,,,,,,,,,,,,,,,,,,,,,,,,,,,,,,,,,,,,,,,,,,,,,0.5,0.5,0.5,1,1,,,,,,,,,,,,,,,,,,,,,,,,,,,,,,,,,,,,,,,,,,,,,,,,,,,,,,,,,,,,,,,,,,,,,,,,,,,,,,,,,,,,,,,,,,,,,,,,,,,,,,,,,,,,,,,,,,,,,,,,0.5,0.5,,,,,,,,,,,,,,,,,,,,,,,,,,,,,,,,,,,,,,,,,,,,,,,,,,,,,,,,,,,,,,,,,,,,,,,,,,,,,,,,,,,,,,,,,,,,,,,,,,,,,,,,
Epilobium anagallidifolium,,,,,,,,,,,,,,,,,,,,,,,,,,,,,,,,,,,,,,,,,,,,,,,,,,,,,,,,,,,,,,,,,,,,,,,,,,,,,,,,,,,,,,,,,,,,,,,,,,,,,,,,,,,,,,,,,,,,,,,,,,,,,,,,,,,,,,,,,,,,,,,,,,,,,,,,,,,,,,,,,,,,,,,,,,,0.5,0.5,,0.5,0.5,0.5,,,,,,,,,,,,,,,,,,,,,,,,,,,,,,,,,,,,,,,,,,,,,,,,,,,,,,,,,,,,,,,,,,,,,,,,,,,,,,,,,,,,,,,,,,,,,,,,,,,,,,,,
Castilleja parviflora,,,,,,,,,,,,,,,,,,,,,,,,,,,,,,,,,,,,,,,,,,,,,,,,,,,,,,,1,,,,,,,,,,,,,,,,,,,,,,,,,,,,,,,,,,,,,,,,,,,,,,,,,,,,,,,,,,,,,,,,,,,,,,,,,,,,,,,,,,,,,,,,,,,,,,,,,,,,,,,,,,,,,,,,,,,,,,,0.5,0.5,1,,1,,,,,,,,,,,,,,,,,,,,,,,,,,,,,,,,,,,,,,,,,,,,,,,,,,,,,,,,,,,,,,,,,,,,,,,,,,,,,,,,,,,,,,,,,,,,,,,,,,,,,,
Pulsatilla occidentalis,,,,,,,,,,,,,,,,,,,,,,,,,,,,,,,,,,,,,,,,,,,,,,,,,,,,,,,,,,,,,,,,,,,,,,,,,,,,,,,,,,,,,,,,,,,,,,,,,,,,,,,,,,,,,,,,,,,,,,,,,,,,,,,,,,,,,,,,,,,,,,,,,,,,,,,,,,,,,,,,,,,,,,0.5,,,,,0.5,,,1,5,5,5,1,,,,,,,,,,,,,,,,,,,,,,,,,,,,,,,,,,,,,,,,,,,,,,,,,,,,,,,,,,,,,,,,,,,,,,,,,,,,,,,,,,,,,,,,,,,,,,,,,,,,,,
Tonestus lyallii,,,,,,,,,,,,,,,,,,,,,,,,,,,,,,,,,,,,,,,,,,,,,,,,,,,,,,,,,,,,,,,,,,,,,,,,,,,,,,,,,,,,,,,,,,,,,,,,,,,,,,,,,,,,,,,,,,,,,,,,,,,,,,,,,,,,,,,,,,,,,,,,0.5,,,,,,,,0.5,0.5,0.5,,,,,0.5,,,,,,,,,,,,,,,,,,,,,,,,,,,,,,,,,,,,,,,,,,,,,,,,,,,,,,,,,,,,,,,,,,,,,,,,,,,,,,,,,,,,,,,,,,,,,,,,,,,,,,,,,,,,,,,,,,,,,,,,,
Gaultheria humifusa,,,,,,,,,,,,,,,,,,,,,,,,,,,,,,,,,,,,,,,,,,,,,,,,,,,,,,,,,,,,,,,,,,,,,,,,,,,,,,,,,,,,,,,,,,,,,,,,,,,,,,,,,,,,,,,,,,,,,,,,,,,,,,,,,,,5,,,,,,,,,,,,,,,,,,,,,,,,,,,,,,,,,,,,,,,,,,,,,,,,,,,,,,,,,,,,,,,,,,,,,,,,,,,,,,,,,,,,,,,,,,,,,,,,,,,,,,,,,,,,,,,,,,,,,,,,,,,,,,,,,,,,,,,,,,,,,,,,,,,,,
Leptarrhena pyrolifolia,,,,,,,,,,,,,,,,,,,,,,,,,,,,,,,,,,,,,,,,,,,,,,,,,,,,,,,5,5,0.5,15,5,,,,,,,,,,,,,,,,,,,,,,,,,,,,,,,,,,,,,,,,,,,,,,,,,,,,,,,,,,,,,,,,,,,,,,,,,,,,,,,,,,,,,,,,,,,,,,,,,,,,,,,,,,,,,,,,,,,,,,,,,,,,,,,,,,,,,,,,,,,,,,,,,,,,,,,,,,,,,,,,,,,,,,,,,,,,,,,,,,,,,,,,,,,,,,,,,,,,,,,,,,,,,,,,,,,,,,,,,,,,,
Penstemon procerus,,,,,,,,,,,,,,,,,,,,,,,,,,,,,,,,,,,,,,,,,,,,,,,,,,,,,,,,,,,,,,,,,,,,,,,,,,,,,,,,,,,,,,,,,,,,,,,,,,,,,,,,,,,,,,,,,,,,,,,,,,,,,,,,,,,,,,,,,,,,,,,,,,,,,,,,,,,,,,,,,,,,,,,,,,,,,,,,,,,,,,,,,,,,,,,,,,,,,,,,,,,,,,,,,,,,,,,,,,,,,,,,,,,,,,,,,,,,,,,,,,,,,,,,,,,,,,,,,,,,,,,,,,,,,,,,,,,,,,,,
Erythronium grandiflorum,,,,,,,,,,,,,,,,,,,,,,,,,,,,,,,,,,,,,,,,,,,,,,,,,,,,,,,,,,,,,,,,,,,,,,,,,,,,,,,,,,,,,,,,,,,,,,,,,,,,,,,,,,,,,,,,,,,,,,,,,,,,,,,,,,,,,,,,,,,,,,,,,,,,,,,,,,,,,,,,,,,,,,,,,,,,,,,,,,,,,,,,,,,,,,,,,,,,,,,,,,,,,,,,,,,,,,,,,,,,,,,,,,,,,,,,,,,,,,,,,,,,,,,,,,,,,,,,,,,,,,,,,,,,,,,,,,,,,,,,
Salix commutata,,,,,,,,,,,,,,,,,,,,,,,,,,,,,,,,,,,,,,,,,,,,,,,,,,,,,,,,,,,,,,,,,,,,,,,,,,,,,,,,,,,,,,,,,,,,,,,,,,,,,,,,,,,,,,,,,,,,,,,,,,,,,,,,,,,,,,,,,,,,,,,,,,,,,,,,,,,,,,,,,,,,,,,,,,,,,,,,,,,,,,,,,,,,,,,,,,,,,,,,,,,,,,,,,,,,,,,,,,,,,,,,,,,,,,,,,,,,,,,,,,,,,,,,,,,,,,,,,,,,,,,,,,,,,,,,,,,,,,,,
Antennaria media,,,,,,,,,,,,,,,,,,,,,,,,,,,,,,,,,,,,,,,,,,,,,,,,,,,,,,,,,,,,,,,,,,,,,,,,,,,,,,,,,,,,,,,,,,,,,,,,,,,,,,,,,,,,,,,,,,,,,,,,,,,,,,,,,,,,,,,,,,,,,,,,,,,,,,,,,,,,,,,,,,,,,,,,,,,,,,1,0.5,,0.5,,,,,,,,,,1,5,15,1,,,,,,,,,,,,,,,,,,,,,,,,,,,,,,,,,,,,,,,,,,,,,,,,,,,,,,,,,,,,,,,,,,,,,,,,,,,,,,,,,,,,,,,,,,
Festuca brachyphylla,,,,,,,,,,,,,,,,,,,,,,,,,,,,,,,,,,,,,,,,,,,,,,,,,,,,,,,,,,,,,,,,,,,,,,,,,,,,,,,,,,,,,,,,,,,,,,,,,,,,,,,,,,,,,,,,,,,,,,,,,,,,,,,,,,,,,,,,,,,,,,,,,,,,,,,,,,,,,,,,,,,,,,,,,,,,,,,,,,,,,,,,,,,,,,,,,,,,,,,,,,,,,,,,,,,,,,,,,,,,,,,,,,,,,,,,,,,,,,,,,,,,,,,,,,,,,,,,,,,,,,,,,,,,,,,,,,,,,,,,
Danthonia intermedia,,,,,,,,,,,,,,,,,,,,,20,5,1,,1,0.5,,,0.5,1,10,1,1,25,10,0.5,1,,,,,,,0.5,,,,,0.5,,1,5,25,30,30,,5,,,,,,,,,,,,,,,,,,,,,,,,,,,,,,,,,,,,,,,,,,,,,,,,,,,,,,,,,,,,,,,,,,,,,,,,,,,,,,,,,,,,,,,,,,,,,,,,,,,,,,,,,,,,,,,,,,,,,,,,,,,,,,,,,,,,,,,,,,,,,,,,,,,,,,,,,,,,,,,,,,,,,,,,,,,,,,,,,,,,,,,,,,,,,,,,,,,,,,,,,,,,,,,,,,,,,,,,,,,,,,,
Schoenoplectus acutus,,,,,,,,,,10,,,,,,,,,,,,,,,,,,,,,,,,,,,,,,,,,,,,,,,,,,,,,,,,,,,,,,,,,,,,,,,,,,,,,,,,,,,,,,,,,,,,,,,,,,,,,,,,,,,,,,,,,,,,,,,,,,,,,,,,,,,,,,,,,,,,,,,,,,,,,,,,,,,,,,,,,,,,,,,,,,,,,,,,,,,,,,,,,,,,,,,,,,,,,,,,,,,,,,,,,,,,,,,,,,,,,,,,,,,,,,,,,,,,,,,,,,,,,,,,,,,,,,,,,,,,,,,,,,,,,,,,,,,,,,
Sorbus sitchensis,,,,,,,,,,,,,,,,,,,,,,,,,,,,,,,,,,,,,,,,,,,,,,,,,,,,,,,,,,,,,,,,,,,,,,,,,,,,,,,,,,,,,,,,,,,,,,,,,,,,,,,,,,,,,,,,,,,,,,,,,,,,,,,,,,,,,,,,,,,,,,,,,,,,,,,,,,,,,,,,,,,,,,,,,,,,,,,,,,,,,,,,,,,,,,,,,,,,,,,,,,,,,,,,,,,,,,,,,,,,,,,,,,,,,,,,,,,,,,,,,,,,,,,,,,,,,,,,,,,,,,,,,,,,,,,,,,,,,,,,
Vaccinium membranaceum,,,,,,,,,,,,,,,,,,,,,,,,,,,,,,,,,,,,,,,,,,,,,,,,,,,,,,,,,,,,,,,,,,,,,,,,,,,,,,,,,,,,,,,,,,,,,,,,,,,,,,,,,,,,,,,,,,,,,,,,,,,,,,,,,,,,,,,,,,,,,,,,,,,,,,,,,,,,,,,,,,,,,,,,,,,,,,,,,,,,,,,,,,,,,,,,,,,,,,,,,,,,,,,,,,,,,,,,,,,,,,,,,,,,,,,,,,,,,,,,,,,,,,,,,,,,,,,,,,,,,,,,,,,,,,,,,,,,,,,,
Antennaria umbrinella,,,,,,,,,,,,,,,,,,,,,,,,,,,,,,,,,,,,,,,,,,,,,,,,,,,,,,,,,,,,,,,,,,,,,,,,,,,,,,,,,,,,,,,,,,,,,,,,,,,,,,,,,,,,,,,,,,,,,,,,,,,,,,,,,,,,,,,,,,,,,,,,,,,,,,,,,,,,,,,,,,,,,,,,,,,,,,,,,,,,,,,,,,,,,,,,,,,,,,,,,,,,,,,,,,,,,,,,,,,,,,,,,,,,,,,,,,,,,,,,,,,,,,,,,,,,,,,,,,,,,,,,,,,,,,,,,,,,,,,,
Antennaria rosea,,,,,,,,,,,,,,,,,,,,,,,,,,,,,,,,,,,,,,,,,,,,,,,,,,,,,,,,,,,,,,,,,,,,,,,,,,,,,,,,,,,,,,,,,,,,,,,,,,,,,,,,,,,,,,,,,,,,,,,,,,,,,,,,,,,,,,,,,,,,,,,,,,,,,,,,,,,,,,,,,,,,,,,,,,,,,,,,,,,,,,,,,,,,,,,,,,,,,,,,,,,,,,,,,,,,,,,,,,,,,,,,,,,,,,,,,,,,,,,,,,,,,,,,,,,,,,,,,,,,,,,,,,,,,,,,,,,,,,,,
Ranunculus eschscholtzii,,,,,,,,,,,,,,,,,,,,,,,,,,,,,,,,,,,,,,,,,,,,,,,,,,,,,,,,,,,,,,,,,,,,,,,,,,,,,,,,,,,,,,,,,,,,,,,,,,,,,,,,,,,,,,,,,,,,,,,,,,,,,,,,,,,,,,,,,,,,,,,,,,,,,,,,,,,,,,,,,,,,,,,,,,,,,,,,,,,,,,,,,,,,,,,,,,,,,,,,,,,,,,,,,,,,,,,,,,,,,,,,,,,,,,,,,,,,,,,,,,,,,,,,,,,,,,,,,,,,,,,,,,,,,,,,,,,,,,,,
Diphasiastrum sitchense,,,,,,,,,,,,,,,,,,,,,,,,,,,,,,,,,,,,,,,,,,0.5,5,,1,0.5,5,,,1,,,,,,,,,5,5,1,5,1,1,10,25,,,,,,,,,,,,,,,,,,,,,,,,,,,,,,,,,,,,,,,,,,,,,,,,,,,,,,,,,,,,,,,,,,,,,,,,,,,,,,,,,,,,,,,,,,,,,,,0.5,,,,,,,15,5,,20,,,,,,,,,,,,,,,,,,,,60,40,35,20,45,,,,,,,,,,,,,,,,,,,,,,,,,,,,,,,,,,,,,,,,,,,,,,,,,,,,,,,,,,,,,,,,,,,,,,,,,,,,,,,,,,,,,
Bryophyta - sp. 1,,,,,,,,,,,5,0.5,0.5,0.5,0.5,1,5,1,1,1,,,,,,,,,,,1,0.5,,1,1,,,,,,,,,,,,,,,,,,,,,,,,,,,,,,,,,,,,,,,,,,,,,,,,,,,,,,,,,,,,,,,,,,,,,,,,,,,10,,,,,,,,,,,,,,,,,,,,,,,,,,,,,,,,,,0.5,1,0.5,,,,,1,1,0.5,5,5,0.5,,5,0.5,0.5,,,,,5,,,,,,15,15,35,15,30,0.5,,5,15,5,0.5,0.5,0.5,,0.5,0.5,5,1,5,1,15,10,5,15,10,25,20,15,5,15,,,,,,,,,1,10,15,5,5,1,1,0.5,5,5,10,5,,,,,,,,,,,0.5,5,0.5,,0.5,1,0.5,0.5,5,10,,,,,,,,,,,,,,,,,,,,,,,,,,,,,,,,,,,,,,,,
Bryophyta - sp. 2,,,,,,,,,,,0.5,,,0.5,,,,,0.5,,,,,,,,,,,,10,,0.5,,,,20,25,10,5,,,,,,,,,,,,,,,,,,,,,,,,,,,,,,,,,,,,,,,,,,,,,,,,,,,,,,,,,,,,,5,5,,,,,,,,,,,,,,,,,,,,,,,,,,,,,,,,,,,,,,,,,,,,,,,,,1,0.5,,,,0.5,,,,,,,,,,,,,,,,,,,,1,,,,,,,,,,,,,1,,,,,,,,,,,,,,,,,,,,,,,,,,,,,,,,,,,,,,,,,,0.5,1,0.5,,,0.5,,,,0.5,,,,,,,,,,,,,,,,,,,,,,,,,,,,,,,,,,,,,,,,
Bryophyta - sp. 3,,,,,,,,,,,,,,,,,,,,,,,,,,,,,,,0.5,5,5,15,10,1,,,,,,,,,,,,,,,,,,,,,,,,,,,,,,,,,,,,,,,,,,,,,,,,,,,,,,,,,,,,,,,,,,,,,,,,,,,,,,,,,,,,,,,,,,,,,,,,,,,,,,,,,,,,,,,,,,,,,,,,,,,,,,,,,,,,,,,,,,,,,,,,,,,,,,,,,,,,,,,,,,,,,,,,,,,,,,,,,,,,,,,,,,,,,,,,,,,,,,,,,,,,,,,,,,,,,,,,,,,,,,,,,,,,,,,,,,,,,,,,,,,,
bare soil/rock,90,90,95,80,95,95,95,100,95,90,,,,,,,,,,,,,,,,,,,,,,,,,,,,,,,,,,,,,,,,,,,,,,,,,,,,,,,,,,,,,,,,,,,,,,,,,,,,,,,,,,,,,,,,,,,,,,,,,,,,,,,,,,,,,,,,,,,,,,,,,,,,,,,,,,,,,,,,,,,,,,,,,,,,,,,90,90,100,90,80,70,35,20,50,95,,,,,,,,,,,,,,,,,,,,,,,,,,,,,,,,,,,,,,,,,,,,,,,,,,,,,,,,,,,,,,,,,,,,,,,,,,,,,,,,,,,,,,,,,,,,,,,,,,,,,,,,,,,,,,
soil with litter cover,,,,,,,,,,,20,25,70,70,70,75,80,50,50,80,,,,,,,,,,,,,,,,,,,,,,,,,,,,,,,,,,,,,,,,,,,,10,,,,,,,,,,,,,,,,,,,,,,,,,,,,,,,,,,,,,,,,,,,,,,,70,25,20,15,60,45,15,10,15,10,,,,,,,,,,,,,,,,,,,,,,,,,,,,,,,,,,,,,,,,,,,,,,,,,,,,,,,,,,,,,,,,,,,,,,,,,15,,,,,,,,,,,,,,,,,,,,15,,,,,,,,,,,,,,,,,,,,,,,,,,,,,,,,,,,,,,5,10,20,10,20,10,1,10,10,15,,,,,,,,,,,10,10,5,5,15,5,1,5,20,20
Agrostis spp.,,,,,,,,,,,,,,,,,,,,,,10,10,,1,0.5,,,,1,,,,,,,,,,,0.5,0.5,0.5,0.5,0.5,0.5,0.5,0.5,0.5,5,,,,,,,,,,,,,,,,,,,,,,,,,,,,,,,,,,,,,,,,,,,,,,,,,,,,,,,,,,,,,,,,,,,,,,,,,,,,,,,,,,,,,,,,,,,,,,,,,,,,,,,,,,,,,,,,,,,,,,,,,,,,,,,,,,,,,,,,,,,,,,,,,,,,,,,,,,,,,,,,,,,,,,,,,,,,,,,,,,,,,,,,,,,,,,,,,,,,,,,,,,,,,,,,,,,,,,,,,,,,,,,,,,,,,,
bare soil,,,,,,,,,,,,,,,,,,,,,70,75,90,90,65,70,100,100,100,,,,,,,,,,,,10,10,10,10,,,,,15,5,,,,,,,,,,,70,90,65,15,60,50,30,30,40,35,,,,,,,,,,,50,90,70,60,40,30,30,30,15,35,,,,,,,,,,,5,10,20,60,80,5,30,50,70,5,,,,,,,,,,,70,90,70,35,35,45,20,50,20,15,,,,10,5,5,10,10,,10,60,50,60,20,40,20,25,40,25,60,,,,20,,,,50,40,20,,,,,,,,,,,1,5,1,0.5,,,5,1,1,5,80,35,10,15,20,35,60,15,15,20,5,15,,,,5,5,,,,50,30,45,90,90,80,80,50,75,60,25,10,,25,25,25,25,15,20,,50,20,70,90,90,75,70,80,80,80,,,,,,,,,,,60,40,10,5,1,,,25,,100,,,,,,,,,,,100,100,100,100,80,30,20,90,100,100,,,,,,,,,,
litter,,,,,,,,,,,,,,,,,,,,,,,,,,,,,,,5,,1,5,5,1,1,5,15,0.5,,,,,,,,,,,,5,,,,,,,,10,,,,,,,,,,,15,10,10,10,10,20,25,25,45,60,,,,,,,,,,,80,80,60,60,,70,80,70,60,70,1,5,10,1,1,0.5,1,10,20,80,,,,,,,,,,,,,,,35,,,,,,25,,,10,10,5,10,,35,30,,5,,,,,,,,,25,10,5,,,,1,,,,,,,,,,,,,,,,,,,,,,,,10,5,1,0.5,1,5,1,5,0.5,0.5,,,,,,,,,,,,,,,,,,,,,,,,,,,,,,,40,40,35,10,20,20,10,5,5,10,20,30,40,30,40,25,60,70,60,10,,,,,,,,,,,,,,,,,,,,,,,,,,,,,,,,,,,,,,,,
rock,,,,,,,,,,,,,,,,,,,,,,,,,,,,,,,,,,,,,,,,,,,,,,,,,,,,,,,,,,,,,,,,,,,,,,,,,,,,,,,,,,,,,,,,,,,,,,,,,,,,,,,,,10,70,40,5,10,,,,,,,,,,,,,,,,,,,,,,,,,,,,,,,,30,35,30,60,50,80,35,25,40,30,20,25,90,35,50,95,60,25,35,25,,,,,,,,,,,,,,,,,,,,,,10,,,,,,,,,,,,,,,,,,,,,,,,,,,,,,,,,,,,,,,,5,,1,1,10,15,10,10,5,,15,,,5,,,,,1,40,,,,,,,,,,,,,,,,,,,,,,,,,,,,,,,,,,,,,,,
Racomitrium elongatum,,,,,,,,,,,,,,,,,,,,,,,,,,,,,,,,,,,,,,,,,,,,5,1,0.5,,,,,,,,,,,,,,,,,,,,,,,,,,,,,,,,,,,,,,,,,,,,,,,,,,,,,,,,,,,,,,,,,,,,,,,,,,,,,,,,,,,,,,,,,,,,,,,,,,,,,,,,,,,,,,,,,,,,,,,,,,,,,,,,,,,,,,,,,,,,,,,,,,,,,,,,,,,,,,,,,,,,,,,,,,,,,,,,,,,,,,,,,,,,,,,,,,,,,,,,,,,,,,,,,,,,,,,,,,,,,,,,,,,,,,,,,,
Bucklandiella sudetica,,,,,,,,,,,,,,,,,,,,,,,,,,,,,,,,,,,,,,,,,0.5,,,,0.5,,,,,,,,,,,,,,,,,,,,,,,,,,,,,,,,,,,,,,,,,,,,,,0.5,,1,,,,,,,,,,,,,,,,,,,,,,,,,,,,,,,,,,,,,,,,,,,,,,,1,,,,,,,,,,,,,,,,,,,,,,,,,,,,,,,,,,,,,,,,,,,,,,,,,,,,,,,,,,,,,,,,,,,,,,,,,,,,,,,,,,,,,,,,,,,,,,,,,,,,,,,,,,,,,,,,,,,,,,,,,,,,,,,,,,,,,,,,,,,0.5,
Polytricum spp,,,,,,,,,,,,,,,,,,,,,,,,,,,,,,,,,,,,,,,,,,,,,0.5,,,,,,,,,,,,,,,,,,,,,,,,,,,,,,,,,,,,,,,,,,,,,,0.5,,,,,,,,,,,,,,,,,,,,,,,,,,,,,,,1,0.5,,,0.5,,,,0.5,,,,,,,,,,,,,,,,,,,,,,,,,,,,,,,,,,,,,,,,,,,0.5,0.5,0.5,0.5,,,,,,,,,0.5,,,,0.5,,,,,,,,,,,,,,,,,,,,,,1,,,,,,,,,,,,,,,,,,,,,,,,,,,,,,,,,,,,,,,,,,,,,,,,,,,,,,,,,,,,,,,,,,,,,
cryptogamic crust,,,,,,,,,,,,,,,,,,,,,,,,,,,,,,,,,,,,,,,,,,,,10,10,25,15,10,,,,,,,,,,,,10,,,,,,,,,,,10,15,20,5,15,10,15,5,,,,,,,,,,,,,,,,,,,,,,,,,,,,,,,,,,,*,,,,,,,,,,,,,,,,,,,,,,,,,,,,,,,,,,,,,,,,,,,,,,,,,,,,,,,5,,,5,1,1,1,10,5,,,,,,,,,,,,,,,,,,50,10,,,10,5,,,,,,,,,,,,,,,,,,,,,,,,,,,,,,,,,,,,,,,,5,1,,10,20,35,80,60,40,10,15,,1,5,1,1,0.5,5,,5,,,,,,,,,,,,,5,5,1,0.5,5,0.5,1,5,5,1
Lophozia ventricosa,,,,,,,,,,,,,,,,,,,,,,,,,,,,,,,,,,,,,,,,,,,,,,,,0.5,,,,,1,,,,,,,,,,,,,,,,,,,,,,,,,,,,,,,,,,,,,,,,,0.5,,,,,,,,,,,,,,,,,,,,,,,,,,,,,,,,,,,,,,,,,,,,,,,,,,,,,,,,,,,,,,,,,,,,,,,,,,,,,,,,,,,,,,,,,,,,,,,,,,,,,,,,,,,,,,,,,,,,,,,,,,,,,,,,,,,,,,,,,,,,,,,,,,,,,,,,,,,,,,,,,,,,,,,,,,,,,,,,,,1,5,1,5,0.5,,,,1
Dicranum pallidisetum,,,,,,,,,,,,,,,,,,,,,,,,,,,,,,,,,,,,,,,,,1,0.5,0.5,0.5,0.5,,1,1,,0.5,1,,0.5,,,,,,,10,,,,,,,,,,,15,,1,5,10,5,20,15,,,,,,,,,5,1,1,,5,1,1,5,5,0.5,0.5,1,10,1,,,,,,,,,,,,,,,,,,,,,,,,,,,,,,,1,,,1,,,,,,,,,,,,,,,,,,,,,,,,,,,,,,,,,,,,,,,,,,,,,,,,,,,,,,,,,,,,,,,,,,,,,,,,,,,,,,,,,,,,,,,,,,,,,,,,,,,,,,,,,,,,,,,,,,,,,5,10,10,5,1,10,5,,5,5,,,,,,0.5,0.5,0.5,,,5,5,5,1,0.5,10,5,5,5,5
Rhytidiopsis robusta,,,,,,,,,,,,,,,,,,,,,,,,,,,,,,,,,,,,,,,,,0.5,1,,0.5,1,,,,,,,,,,,,,,,,,,,,,,,,,,,,,,,,,,,,,,,,,,,,,,,,,,,,,,,,,,,,,,,,,,,,,,,,,,,,,,,,,,,,,,,,,,,,,,,,,,,,,,,,,,,,,,,,,,,,,,,,,,,,,,,,,,,,,,,,,,,,,,,,,,,,,,,,,,,,,,,,,,,,,,,,,,,,,,,,,,,,,,,,,,,,,,,,,,,,,,,,,,,,,,,,,,,,,,,,,,,,,,,,,,,,,,,,,,,
Niphotricum ericoides,,,,,,,,,,,,,,,,,,,,,,,,,,,,,,,,,,,,,,,,,,0.5,,,,0.5,10,10,5,1,5,5,,,5,,,,,1,,,,,,,,,,,,,,,,,,,,,,,,,,,,,,,,,,,,,,,,,,,,,,,,,,,,,,,,,,,,,,,,,,,,,,,,,,,,,,,,,,,,,,,,,,,,,,,,,,,,,,,,,,,,,,,,,,,,,,,,,,,,,,,,,,,,,,,,,,,,,,,,,,,,,,,,,,,,,,,,,,,,,,,,,,,,,,,,,,,,,,,,,,,,,,,,,,,,,,,,,,,,,,,,,,,,,,,,,,,,
Ptych (bryo species 5),,,,,,,,,,,,,,,,,,,,,,,,,,,,,,,,,,,,,,,,,,0.5,,,,,,,,,,,,,,,,,,,,,,,,,,,,,,,,,,,,,,,,,,,,,,,,,,,,,,,,,,,,,,,,,,,,,,,,,,,,,,,,,,,,,,,,,,,,,,,,,,,,,,,,,,,,,,,,,,,,,,,,,,,,,,,,,,,,,,,,,,,,,,,,,,,,,,,,,,,,,,,,,,,,,,,,,,,,,,,,,,,,,,,,,,,,,,,,,,,,,,,,,,,,,,,,,,,,,,,,,,,,,,,,,,,,,,,,,,,,,,
Hypnum spp,,,,,,,,,,,,,,,,,,,,,,,,,,,,,,,,,,,,,,,,,,,1,,,,,,,,,,5,5,5,1,,,,,,,,,,,,,,,,,,,,,,,,,,,,,,,,,,,,,,,,,,,,,,,,,,,,,,,,,,,,,,,,,,,,,,,,,,,,,,,,,,,,,,,,,,,,,,,,,,,,,,,,,,,,,,,,,,,,,,,,,,,,,,,,,,,,,,,,,,,,,,,,,,,,,,,,,,,,,,,,,,,,,,,,,,,,,,,,,,,,,,,,,,,,,,,,,,,,,,,,,,,,,,,,,,,,,,,,,,,,,,,,
Barbilophozia hatcheri,,,,,,,,,,,,,,,,,,,,,,,,,,,,,,,,,,,,,,,,,,,,,,,,,,,1,0.5,,,,,5,,,1,,,,,,,,,,,,5,,,,,,,,,,,,,,,,,,,,,,,,,,,,,,,,,,,,,,,,,,,,,,,,,,,,,,,,,,,,,,,,,,,,,,,,,,,,,,,,,,,,,,,,,,,,,,,,,,,,,,,,,,,,,,,,,,,,,,,,,,,,,,,,,,,,,,,,,,,,,,,,,,,,,,,,,,,,,,,,,,,,,,,,,,,,,,,,,,,,,,,,,,,,,,,,,,,,,,,,1,1,5,5,5,10,10,10,
Brachythecium spp,,,,,,,,,,,,,,,,,,,,,,,,,,,,,,,,,,,,,,,,,,,0.5,5,1,1,,,,,,0.5,1,,,,,,,,,,,,,,,,,,,,,,,,,,,,,,,,,,,,,,,,,,,,0.5,1,,,,,,,,,,,,,,,,,,,,,,,,,,,,,,,,,5,,,,,,,,,,,,,,,,,,,,,,,,,,,,,,,,,,,,,,,,,,,,,,,,,,,,,,,,,,,,,,,,,,,,,,,,,,,,,,,,,,,,,,,,,,,,,,,,,,,,,,,,,,,,,,,,,,,,,,,,,,,,,,,,,,,,,,,,,,,,,,,,,,,,,
Niphotricum elongatum,,,,,,,,,,,,,,,,,,,,,,,,,,,,,,,,,,,,,,,,,,,,,,,,,,,20,1,,1,,,,,,,,,,,,,,,,,,,,,,,,,,,,,,,,,,,,,,,,,,,,,,,,,,,,,,,,,,,,,,,,,,,,,,,,,,,,,,,,,,,,,,,,,,,,,,,,,,,,,,,,,,,,,,,,,,,,,,,,,,,,,,,,,,,,,,,,,,,,,,,,,,,,,,,,,,,,,,,,,,,,,,,,,,,,,,,,,,,,,,,,,,,,,,,,,,,,,,,,,,,,,,,,,,,,,,,,,,,,,,,,,,
Aulacomnium palustre,,,,,,,,,,,,,,,,,,,,,,,,,,,,,,,,,,,,,,,,,,,,,,,,,,,,1,10,25,10,10,10,,,1,,,,,,,,,,,,,,,,,,,,,,,,,,,,,,,,,,,,,,,,,,,,,,,,,,,,,,,,,,,,,,,,,,,,,,,,,,,,,,,,,,,,,,,,,,,,,,,,,,,,,,,,,,,,,,,,,,,,,,,,,,,,,,,,,,,,,,,,,,,,,,,,,,,,,,,,,,,,,,,,,,,,,,,,,,,,,,,,,,,,,,,,,,,,,,,,,,,,,,,,,,,,,,,,,,,,,,,,,,,,
Rhytidiadelphus squarrosus,,,,,,,,,,,,,,,,,,,,,,,,,,,,,,,,,,,,,,,,,,,,,,,,,,,,0.5,,1,,,0.5,,,,,,,,,,,,,,,,,,,,,,,,,,,,,,,,,,,,,,,,,,,,,,,,,,,,,,,,,,,,,,,,,,,,,,,,,,,,,,,,,,,,,,,,,,,,,,,,,,,,,,,,,,,,,,,,,,,,,,,,,,,,,,,,,,,,,,,,,,,,,,,,,,,,,,,,,,,,,,,,,,,,,,,,,,,,,,,,,,,,,,,,,,,,,,,,,,,,,,,,,,,,,,,,,,,,,,,,,,,,,,,
Polytrichum piliferum,,,,,,,,,,,,,,,,,,,,,,,,,,,,,,,,,,,,,,,,,,,,,,,,,,,,,,,,,,,,,,,,,,,,,,,,,,,,,,,,,1,,,,,,0.5,,0.5,0.5,,,,,,,,,,,,,,,,,,,,,,,,,,,,,,,,,,,,,,0.5,,,,,,,,,,1,,,,,,,,,,,,,,,,,,,,,,,,,,,,,,,,,,,,,,,,,,,,,,,,,,,,,,,,,,,,,,,,,,,,,,,,,,,,,,,,,,,,,,,,,,,,,,,,,,,,,,,,1,1,1,5,5,10,10,0.5,,,,,,,,,,,,,,,,,,,,,,,,,,,,,,,
Racomitrium spp.,,,,,,,,,,,,,,,,,,,,,,,,,,,,,,,,,,,,,,,,,,,,,,,,,,,,,,,,,,,,,,,,,,,,,,,,,,,,,,,,,5,5,,1,1,0.5,,,,,,,,,,,,,,,,,,,,,,,,,,,,,,,,,,,,,,,,,,,,,,,,,,,,1,,,,,,,,,,,,,,,,,,,,,,,,,,,,,,,,,,,,,,,,,,,,,,,,,,,,,,,,,,,,,,,,,,,,,,,,,,,,,,,,,,,,,,,,,,,,,,,,,,,,,,,,,,,0.5,,,,,,,,,,,,,,,,,,,,,,,,,,,,,,,,,,,
Streblotrichum convolutum,,,,,,,,,,,,,,,,,,,,,,,,,,,,,,,,,,,,,,,,,,,,,,,,,,,,,,,,,,,,,,,,,,,,,,,,,,,,,,,,,,,,,,1,,,,,,1,5,,,,,,,,,,,,,,,,,,,,,,,,,,,,,,,,,,,,,,,,,1,,,,,,,,,,,,,,,,,,,,,,,,,,,,,,,,,,,,,,,,,,,,,,,,,,,,,,,,,,,,,,,,,,,,,,,,,,,,,,,,,,,,,,,,,,,,,,,,,,,,,,,,,,,,,,,,,,,,,,,,,,,,1,,,,,,,,,,,,,,,,,,,,,,
Ceratodon purpureus,,,,,,,,,,,,,,,,,,,,,,,,,,,,,,,,,,,,,,,,,,,,,,,,,,,,,,,,,,,,,,,,,,,,,,,,,,,,,,,,,,,,,,,0.5,0.5,,,,0.5,1,,,,,,,,,,,,,,,,,,,,,,,,,,,,,,,,,,,,,,,,,,,,,,,,,,,,,,,,,,,,,,,,,,,,,,,,,,,,,,,,,,,,,,,,,,,,,,,,,,,,,,,,,,,,,,,,,,,,,,,,,,,,,,,,,,,,,,,,,,,,,,,,,,,,,,,,,0.5,0.5,5,15,,1,1,,0.5,,,1,5,1,,,,,,0.5,0.5,0.5,0.5,,,,,,,,0.5,,0.5,,
Carex incurviformis,,,,,,,,,,,,,,,,,,,,,,,,,,,,,,,,,,,,,,,,,,,,,,,,,,,,,,,,,,,,,,,,,,,,,,,,,,,,,,,,,,,,,,,,,,,,,,,,,,,,,,,0.5,0.5,,,,,0.5,,0.5,,,,,0.5,,,,0.5,,,,,,,,,,,,,,,,,,,0.5,0.5,,,,,,,,,,,,,,,,,,,,,,,,,,,,,,,,,,,,,,,,,,,,,,,,,,,,,,,,,,,,,,,,,,,,,,,,,,,,,,,,,,,,,,,,,,,,,,,,,,,,,,,,,,,,,,,,,,,,,,,,,,,,,,,,,,,,,,,,,,,,
Philonotis Fontana,,,,,,,,,,,,,,,,,,,,,,,,,,,,,,,,,,,,,,,,,,,,,,,,,,,,,,,,,,,,,,,,,,,,,,,,,,,,,,,,,,,,,,,,,,,,,,,,,,,,,,,,,,,,,,,,,,,,,,,,,0.5,,,,,,,,,,,,,,,,,,,,,,,,,,,,,,,,,,,,,,,,,,,,,,,,,,,,,,,,,,,,,,,,,,,,,,,,,,,,,,,,,,,,,,,,,,,,,,,,,,,,,,,,,,,,,,,,,,,,,,,,,,,,,,,,,,,,,,,,,,,,,,,,,,,,,,,,,,,,,,,
Ditrichum,,,,,,,,,,,,,,,,,,,,,,,,,,,,,,,,,,,,,,,,,,,,,,,,,,,,,,,,,,,,,,,,,,,,,,,,,,,,,,,,,,,,,,,,,,,,,,,,,,,,,,,,,,,,,,,,,,,,,,,,,,0.5,,,,,,,,,,,,,,,,,,,,,,,,,,,,,,,,,,,,,,,,,,,,,,,,,,,,,,,,,,,,,,,,,,,,,,,,,,,,,,,,,,,,,,,,,,,,,,,,,,,,,,,,,,,,,,,,,,,,,,,,,,,,,,,,,,,,,,,,,,,,,,,,,,,,,,,,,,,,,,
Pohlia spp.,,,,,,,,,,,,,,,,,,,,,,,,,,,,,,,,,,,,,,,,,,,,,,,,,,,,,,,,,,,,,,,,,,,,,,,,,,,,,,,,,,,,,,,,,,,,,,,,,,,,,,,,,,,,,,,,,,,,,,,,,,0.5,,,,,,,,,,,,,,,,,,,,,,,,,,,,,,,,,,,,,,,,,,,,,,,,,,,,,,,,,,,,,,,,,,,,,,,,,,,,,,,,,,,,,,,,,,,,,,,,,,,,,,,,,,,,,,,,,,,,,,,,,,,,,,,,,,,,,,,,,,,,,,,,,,,,,,,,,,,,,,
Bryo sp. 6,,,,,,,,,,,,,,,,,,,,,,,,,,,,,,,,,,,,,,,,,,,,,,,,,,,,,,,,,,,,,,,,,,,,,,,,,,,,,,,,,,,,,,,,,,,,,,,,,,,,,,,,,,,,,,,,,,,,,,,,,,,,,,,0.5,,,,,,,,,,,,,,,,,,,,,,,,,,,,,,,,,,,,,,,,,,,,,,,,,,,,,,,,,,,,,,,,,,,,,,,,,,,,,,,,,,,,,,,,,,,,,,,,,,,,,,,,,,,,,,,,,,,,,,,,,,,,,,,,,,,,,,,,,,,,,,,,,,,,,,,,,
Polytrichum sp 1,,,,,,,,,,,,,,,,,,,,,,,,,,,,,,,,,,,,,,,,,,,,,,,,,,,,,,,,,,,,,,,,,,,,,,,,,,,,,,,,,,,,,,,,,,,,,,,,,,,,,,,,,,,,,,,,,,,,,,,,,,,,,,,,,,,0.5,,,,,,1,0.5,0.5,0.5,,,,,,,,,,,,,,,,,,,,,,,,,,,,,,,,,,,,,,,,,,,,,,,,,,,,,,,,,,,,,,,,,,,,,,,,,,,,,,,,,,,,,,,,,,,,,,,,,,,,,,,,,,,,,,,,,,,,,,,,,,,,,,,,,,,,,,,,,,,,
Carex nardina,,,,,,,,,,,,,,,,,,,,,,,,,,,,,,,,,,,,,,,,,,,,,,,,,,,,,,,,,,,,,,,,,,,,,,,,,,,,,,,,,,,,,,,,,,,,,,,,,,,,,,,,,,,,,,,,,,,,,,,,,,,,,,,,,,,,,,,,,,,,,,,5,,,,,,,,,,,,,,,,,,,,,,,,,,,,,,,,,,,,,,,,,,,,,,,,,,,,,,,,,,,,,,,,,,,,,,,,,,,,,,,,,,,,,,,,,,,,,,,,,,,,,,,,,,,,,,,,,,,,,,,,,,,,,,,,,,,,,,,,,
Phyllodoce x intermedia,,,,,,,,,,,,,,,,,,,,,,,,,,,,,,,,,,,,,,,,,,,,,,,,,,,,,,,,,,,,,,,,,,,,,,,,,,,,,,,,,,,,,,,,,,,,,,,,,,,,,,,,,,,,,,,,,,,,,,,,,,,,,,,,,,,,,,,,,,,,,,,,,,,,,,,10,1,,,,,,,,,,,,,,,,,,,,,,,,,,,,,,,,,,,,,,,,,,,,,,,,,,,,,,,,,,,,,,,,,,,,,,,,,,,,,,,,,,,,,,,,,,,,,,,,,,,,,,,,,,,,,,,,,,,,,,,,,,,,,,,,
Solidago multiradiata,,,,,,,,,,,,,,,,,,,,,,,,,,,,,,,,,,,,,,,,,,,,,,,,,,,,,,,,,,,,,,,,,,,,,,,,,,,,,,,,,,,,,,,,,,,,,,,,,,,,,,,,,,,,,,,,,,,,,,,,,,,,,,,,,,,,,,,,,,,,,,,,,,,,,,,,,1,,,,,,,,,,,,,,,,,,,,,,,,,,,,,,,,,,,,,,,,,,,,,,,,,,,,,,,,,,,,,,,,,,,,,,,,,,,,,,,,,,,,,,,,,,,,,,,,,,,,,,,,,,,,,,,,,,,,,,,,,,,,,,,
Micranthes tolmiei,,,,,,,,,,,,,,,,,,,,,,,,,,,,,,,,,,,,,,,,,,,,,,,,,,,,,,,,,,,,,,,,,,,,,,,,,,,,,,,,,,,,,,,,,,,,,,,,,,,,,,,,,,,,,,,,,,,,,,,,,,,,,,,,,,,,,,,,,,,,,,,,,,,,,,,,,,,,,,,,,,,,0.5,,,,,,,,,,,,,,,,,,,,,,,,,,,,,,,,,,,,,,,,,,,,,,,,,,,,,,,,,,,,,,,,,,,,,,,,,,,,,,,,,,,,,,,,,,,,,,,,,,,,,,,,,,,,,,,,,,,,